date,text,url
2025-01-03 20:15:02,"中国人民银行货币政策委员会2024年第四季度（总第107次）例会于12月27日召开。
会议认为，2024年以来宏观调控力度加大，稳健的货币政策灵活适度、精准有效，坚定支持性立场，强化逆周期调节，优化完善货币政策框架，综合运用利率、准备金、再贷款、国债买卖等工具，服务实体经济高质量发展，为经济回升向好创造适宜的货币金融环境。贷款市场报价利率改革成效显著，存款利率市场化调整机制作用有效发挥，货币政策传导效率增强，社会融资成本处于历史较低水平。外汇市场供求基本平衡，经常账户顺差稳定，外汇储备充足，人民币汇率双向浮动、预期趋稳，在合理均衡水平上保持基本稳定。
会议分析了国内外经济金融形势，提出当前外部环境变化带来的不利影响加深，通胀压力有所缓解，但世界经济增长动能不强，主要经济体经济表现有所分化，货币政策进入降息周期。我国经济运行总体平稳、稳中有进，高质量发展扎实推进，但仍面临国内需求不足、风险隐患仍然较多等困难和挑战。要实施适度宽松的货币政策，加强逆周期调节，更好发挥货币政策工具的总量和结构双重功能，加大货币财政政策协同配合，保持经济稳定增长和物价总体稳定。
会议研究了下阶段货币政策主要思路，建议加大货币政策调控强度，提高货币政策调控前瞻性、针对性、有效性，根据国内外经济金融形势和金融市场运行情况，择机降准降息。保持流动性充裕，引导金融机构加大货币信贷投放力度，使社会融资规模、货币供应量增长同经济增长、价格总水平预期目标相匹配。强化央行政策利率引导，完善市场化利率形成传导机制，发挥市场利率定价自律机制作用，加强利率政策执行，推动企业融资和居民信贷成本稳中有降。充实完善货币政策工具箱，开展国债买卖，关注长期收益率的变化。畅通货币政策传导机制，提高资金使用效率，防范资金空转。增强外汇市场韧性，稳定市场预期，加强市场管理，坚决对扰乱市场秩序行为进行处置，坚决防止形成单边一致性预期并自我实现，坚决防范汇率超调风险，保持人民币汇率在合理均衡水平上的基本稳定。
会议研究了深化金融供给侧结构性改革相关工作，指出要引导大型银行发挥金融服务实体经济主力军作用，推动中小银行聚焦主责主业，支持银行补充资本，共同维护金融市场的稳定发展。有效落实好存续的各类结构性货币政策工具，做好科技金融、绿色金融、普惠金融、养老金融、数字金融五篇大文章，继续加大对重大战略、重点领域和薄弱环节的支持力度，推动加快发展新质生产力，更有针对性地满足合理的消费融资需求。用好证券、基金、保险公司互换便利和股票回购增持再贷款等新设立工具，维护资本市场稳定。加快推进科技创新和技术改造贷款投放进程，加大对大规模设备更新和消费品以旧换新的金融支持。持续做好支持民营经济发展壮大的金融服务，充分发挥支持小微企业融资协调工作机制作用，进一步打通中小微企业融资的堵点和卡点。着力推动已出台金融政策措施落地见效，加大存量商品房和存量土地盘活力度，推动房地产市场止跌回稳，完善房地产金融基础性制度，助力构建房地产发展新模式。落实促进平台经济健康发展的金融政策措施。切实推进金融高水平双向开放，提高开放条件下经济金融管理能力和风险防控能力。
会议强调，要以习近平新时代中国特色社会主义思想为指导，全面贯彻落实党的二十大、中央经济工作会议和中央金融工作会议精神，按照党中央、国务院的决策部署，牢牢把握高质量发展首要任务，扎实推进中国式现代化，完整、准确、全面贯彻新发展理念，加快构建新发展格局。把实施扩大内需战略同深化供给侧结构性改革有机结合起来，增强宏观政策协调配合，有效落实存量政策，加力推动增量政策落地见效，抓好开局起步，扩大内需、稳定预期、激发活力，推动经济持续回升向好。
本次会议由中国人民银行行长兼货币政策委员会主席潘功胜主持，货币政策委员会委员徐守本、李春临、廖岷、李云泽、吴清、康义、朱鹤新、谷澍、王一鸣、黄海洲出席会议。宣昌能、黄益平因公务请假。中国人民银行黑龙江省分行、浙江省分行、安徽省分行、陕西省分行、宁夏回族自治区分行负责同志列席会议。",http://www.pbc.gov.cn/zhengcehuobisi/125207/3870933/3870936/5557004/index.html
2024-09-29 19:50:00,"中国人民银行货币政策委员会2024年第三季度（总第106次）例会于9月25日在北京召开。
会议分析了国内外经济金融形势。会议认为，今年以来宏观调控力度加大，稳健的货币政策灵活适度、精准有效，坚定坚持支持性立场，强化逆周期调节，优化完善货币政策框架，综合运用利率、准备金、再贷款、国债买卖等工具，切实服务实体经济，有效防控金融风险，为经济回升向好创造适宜的货币金融环境。贷款市场报价利率改革成效显著，存款利率市场化调整机制作用有效发挥，货币政策传导效率增强，社会融资成本继续下降。外汇市场供求基本平衡，经常账户顺差稳定，外汇储备充足，人民币汇率双向浮动、预期稳定，在合理均衡水平上保持基本稳定。
会议指出，当前外部环境变化带来的不确定性增多，世界经济增长动能不强，通胀压力有所缓解，主要经济体经济表现有所分化，货币政策进入降息周期。我国经济运行总体平稳，高质量发展扎实推进，但仍面临有效需求不足、社会预期偏弱等挑战。要精准有效实施稳健的货币政策，更加注重做好逆周期调节，更好发挥货币政策工具的总量和结构双重功能，着力扩大内需、提振信心，推动经济持续回升向好。
会议认为，要加大货币政策调控力度，提高货币政策调控精准性。保持流动性合理充裕，引导信贷合理增长、均衡投放，保持社会融资规模、货币供应量同经济增长和价格水平预期目标相匹配，促进物价保持在合理水平。完善市场化利率形成和传导机制，强化央行政策利率引导作用，发挥市场利率定价自律机制作用和存款利率市场化调整机制效能，推动企业融资和居民信贷成本稳中有降。充实货币政策工具箱，开展国债买卖，关注长期收益率的变化。畅通货币政策传导机制，提高资金使用效率。强化预期引导，增强汇率弹性，保持人民币汇率在合理均衡水平上的基本稳定，防止形成单边一致性预期并自我强化，防范汇率超调风险。
会议指出，要深化金融供给侧结构性改革，构建金融有效支持实体经济的体制机制。引导大型银行发挥金融服务实体经济主力军作用，推动中小银行聚焦主责主业，支持银行补充资本，共同维护金融市场的稳定发展。做好科技金融、绿色金融、普惠金融、养老金融、数字金融五篇大文章，继续加大对重大战略、重点领域和薄弱环节的支持力度，推动加快发展新质生产力，更有针对性地满足合理的消费融资需求。有效落实好存续的各类结构性货币政策工具，推动证券、基金、保险公司互换便利和股票回购增持再贷款等新设立工具落地生效，维护资本市场稳定；推进科技创新和技术改造再贷款使用进程，加大对大规模设备更新和消费品以旧换新的金融支持。加快形成覆盖科技型企业全生命周期的多元化接力式金融服务体系，助力科技强国建设和实现高水平科技自立自强。坚持和落实“两个毫不动摇”，持续做好支持民营经济发展壮大的金融服务，进一步打通中小微企业融资的堵点和卡点。充分认识房地产市场供求关系的新变化、顺应人民群众对优质住房的新期待，着力推动已出台金融政策措施落地见效，支持盘活存量闲置土地，降低存量房贷利率，促进房地产市场平稳健康发展。加大对“市场+保障”的住房供应体系的金融支持力度，推动加快构建房地产发展新模式。落实促进平台经济健康发展的金融政策措施。切实推进金融高水平双向开放，提高开放条件下经济金融管理能力和风险防控能力。
会议强调，要以习近平新时代中国特色社会主义思想为指导，全面贯彻落实党的二十大、二十届三中全会、中央经济工作会议和中央金融工作会议精神，按照党中央、国务院的决策部署，干字当头、众志成城，牢牢把握高质量发展首要任务，扎实推进中国式现代化，完整、准确、全面贯彻新发展理念，加快构建新发展格局。把实施扩大内需战略同深化供给侧结构性改革有机结合起来，增强宏观政策协调配合，全力推进金融增量政策举措加快落地，切实改善社会预期，增强经济活力，巩固和增强经济回升向好态势。
本次会议由中国人民银行行长兼货币政策委员会主席潘功胜主持，货币政策委员会委员张青松、李云泽、吴清、朱鹤新、王一鸣、黄益平、黄海洲出席会议。徐守本、李春临、廖岷、宣昌能、康义、田国立因公务请假。中国人民银行河北省分行、湖北省分行、广东省分行、青海省分行负责同志列席会议。",http://www.pbc.gov.cn/zhengcehuobisi/125207/3870933/3870936/5471172/index.html
2024-06-28 17:00:00,"中国人民银行货币政策委员会2024年第二季度（总第105次）例会于6月25日在北京召开。
会议分析了国内外经济金融形势。会议认为，今年以来宏观政策坚持稳字当头、稳中求进，稳健的货币政策灵活适度、精准有效，强化逆周期调节，综合运用利率、准备金、再贷款等工具，切实服务实体经济，有效防控金融风险，为经济回升向好创造适宜的货币金融环境。贷款市场报价利率改革成效显著，存款利率市场化调整机制作用有效发挥，货币政策传导效率增强，社会融资成本继续下降。外汇市场供求基本平衡，经常账户顺差稳定，外汇储备充足，人民币汇率双向浮动、预期趋稳，在合理均衡水平上保持基本稳定。
会议指出，当前外部环境更趋复杂严峻，世界经济增长动能不强，通胀出现高位回落趋势但仍具粘性，主要经济体经济增长和货币政策有所分化。我国经济运行延续回升向好态势，高质量发展扎实推进，但仍面临有效需求不足、社会预期偏弱等挑战。要稳中求进、以进促稳、先立后破，不断巩固稳中向好的基础。精准有效实施稳健的货币政策，更加注重做好逆周期调节，更好发挥货币政策工具的总量和结构双重功能，着力扩大内需、提振信心，推动经济良性循环。
会议认为，要加大已出台货币政策实施力度。保持流动性合理充裕，引导信贷合理增长、均衡投放，保持社会融资规模、货币供应量同经济增长和价格水平预期目标相匹配。促进物价温和回升，保持物价在合理水平。完善市场化利率形成和传导机制，充实货币政策工具箱，发挥央行政策利率引导作用，释放贷款市场报价利率改革和存款利率市场化调整机制效能，推动企业融资和居民信贷成本稳中有降。同时，在经济回升过程中，也要关注长期收益率的变化。畅通货币政策传导机制，提高资金使用效率。保持人民币汇率在合理均衡水平上的基本稳定，综合施策、校正背离、稳定预期，坚决对顺周期行为予以纠偏，防止形成单边一致性预期并自我强化，坚决防范汇率超调风险。
会议指出，要深化金融供给侧结构性改革，构建金融有效支持实体经济的体制机制。引导大银行发挥金融服务实体经济主力军作用，推动中小银行聚焦主责主业，支持银行补充资本，共同维护金融市场的稳定发展。做好科技金融、绿色金融、普惠金融、养老金融、数字金融五篇大文章，继续加大对重大战略、重点领域和薄弱环节的支持力度，推动加快发展新质生产力。有效落实好存续的各类结构性货币政策工具，推动科技创新和技术改造再贷款、保障性住房再贷款等新设立工具落地生效。加大对大规模设备更新和消费品以旧换新的金融支持。综合施策支持区域协调发展。落实好加大力度支持科技型企业融资行动方案，引导金融机构增加有市场需求的制造业中长期贷款，支持加快建设现代化产业体系。坚持“两个毫不动摇”，持续做好支持民营经济发展壮大的金融服务。充分认识房地产市场供求关系的新变化、顺应人民群众对优质住房的新期待，着力推动已出台金融政策措施落地见效，促进房地产市场平稳健康发展。加大对“市场+保障”的住房供应体系的金融支持力度，推动加快构建房地产发展新模式。落实促进平台经济健康发展的金融政策措施。切实推进金融高水平双向开放，提高开放条件下经济金融管理能力和防控风险能力。
会议强调，要以习近平新时代中国特色社会主义思想为指导，全面贯彻落实党的二十大、中央经济工作会议、中央金融工作会议和全国“两会”精神，按照党中央、国务院的决策部署，坚持稳中求进工作总基调，牢牢把握高质量发展首要任务，扎实推进中国式现代化，完整、准确、全面贯彻新发展理念，加快构建新发展格局。把实施扩大内需战略同深化供给侧结构性改革有机结合起来，进一步加强部门间政策协调配合，强化政策统筹，充分发挥货币信贷政策效能，兼顾好内部均衡和外部均衡。切实增强经济活力、防范化解风险、改善社会预期，巩固和增强经济回升向好态势，持续推动经济实现质的有效提升和量的合理增长。
本次会议由中国人民银行行长兼货币政策委员会主席潘功胜主持，货币政策委员会委员徐守本、李春临、吴清、康义、朱鹤新、王一鸣、黄益平、黄海洲出席会议。廖岷、张青松、宣昌能、李云泽、田国立因公务请假。中国人民银行吉林省分行、山东省分行、广西壮族自治区分行、重庆市分行、甘肃省分行负责同志列席会议。",http://www.pbc.gov.cn/zhengcehuobisi/125207/3870933/3870936/5386241/index.html
2024-04-03 17:00:00,"中国人民银行货币政策委员会2024年第一季度（总第104次）例会于3月29日在北京召开。
会议分析了国内外经济金融形势。会议认为，今年以来宏观政策坚持稳字当头、稳中求进，稳健的货币政策灵活适度、精准有效，强化逆周期调节，综合运用利率、准备金、再贷款等工具，切实服务实体经济，有效防控金融风险，为经济回升向好创造适宜的货币金融环境。贷款市场报价利率改革成效显著，存款利率市场化调整机制作用有效发挥，货币政策传导效率增强，社会融资成本继续下降。外汇市场供求基本平衡，经常账户顺差稳定，外汇储备充足，人民币汇率双向浮动、预期趋稳，在合理均衡水平上保持基本稳定，发挥了宏观经济稳定器功能。
会议指出，当前外部环境更趋复杂严峻，世界经济增长动能不足，通胀出现高位回落趋势但仍具粘性，发达经济体利率保持高位。我国经济运行延续回升向好态势，高质量发展扎实推进，但仍面临有效需求不足、社会预期偏弱等挑战。要稳中求进、以进促稳、先立后破，不断巩固稳中向好的基础。精准有效实施稳健的货币政策，更加注重做好逆周期调节，更好发挥货币政策工具的总量和结构双重功能，着力扩大内需、提振信心，推动经济良性循环。
会议认为，要加大已出台货币政策实施力度。保持流动性合理充裕，引导信贷合理增长、均衡投放，保持社会融资规模、货币供应量同经济增长和价格水平预期目标相匹配。促进物价温和回升，保持物价在合理水平。完善市场化利率形成和传导机制，充实货币政策工具箱，发挥央行政策利率引导作用，释放贷款市场报价利率改革和存款利率市场化调整机制效能，推动企业融资和居民信贷成本稳中有降。同时，在经济回升过程中，也要关注长期收益率的变化。畅通货币政策传导机制，提高资金使用效率。深化汇率市场化改革，引导企业和金融机构坚持“风险中性”理念，综合施策、校正背离、稳定预期，坚决对顺周期行为予以纠偏，坚决防范汇率超调风险，防止形成单边一致性预期并自我强化，保持人民币汇率在合理均衡水平上的基本稳定。
会议指出，要深化金融供给侧结构性改革，构建金融有效支持实体经济的体制机制。引导大银行发挥金融服务实体经济主力军作用，推动中小银行聚焦主责主业，支持银行补充资本，共同维护金融市场的稳定发展。做好科技金融、绿色金融、普惠金融、养老金融、数字金融五篇大文章，继续加大对重大战略、重点领域和薄弱环节的支持力度，推动加快发展新质生产力。适当增加支农支小再贷款再贴现额度，用足用好碳减排支持工具，设立科技创新和技术改造再贷款。加大对大规模设备更新和消费品以旧换新的金融支持。综合施策支持区域协调发展。落实好加大力度支持科技型企业融资行动方案，引导金融机构增加有市场需求的制造业中长期贷款，支持加快建设现代化产业体系。坚持“两个毫不动摇”，持续做好支持民营经济发展壮大的金融服务。因城施策精准实施差别化住房信贷政策，更好支持刚性和改善性住房需求，一视同仁满足不同所有制房地产企业合理融资需求，促进房地产市场平稳健康发展。加大对“市场+保障”的住房供应体系的金融支持力度，着力构建房地产发展新模式。落实促进平台经济健康发展的金融政策措施。切实推进金融高水平双向开放，提高开放条件下经济金融管理能力和防控风险能力。
会议强调，要以习近平新时代中国特色社会主义思想为指导，全面贯彻落实党的二十大、中央经济工作会议、中央金融工作会议和全国“两会”精神，按照党中央、国务院的决策部署，坚持稳中求进工作总基调，牢牢把握高质量发展首要任务，扎实推进中国式现代化，完整、准确、全面贯彻新发展理念，加快构建新发展格局。把实施扩大内需战略同深化供给侧结构性改革有机结合起来，进一步加强部门间政策协调配合，强化政策统筹，充分发挥货币信贷政策效能，兼顾好内部均衡和外部均衡。切实增强经济活力、防范化解风险、改善社会预期，巩固和增强经济回升向好态势，持续推动经济实现质的有效提升和量的合理增长。
本次会议由中国人民银行行长兼货币政策委员会主席潘功胜主持，货币政策委员会委员李春临、廖岷、张青松、宣昌能、李云泽、康义、朱鹤新、田国立、王一鸣、黄益平、黄海洲出席会议。徐守本、吴清因公务请假。中国人民银行天津市分行、江苏省分行、江西省分行、新疆维吾尔自治区分行负责同志列席会议。",http://www.pbc.gov.cn/zhengcehuobisi/125207/3870933/3870936/5347515/index.html
2023-12-28 19:55:00,"中国人民银行货币政策委员会2023年第四季度（总第103次）例会于12月27日在北京召开。
会议分析了国内外经济金融形势。会议认为，今年以来宏观政策坚持稳字当头、稳中求进，稳健的货币政策精准有力，强化逆周期和跨周期调节，综合运用利率、准备金、再贷款等工具，切实服务实体经济，有效防控金融风险，为经济回升向好创造适宜的货币金融环境。贷款市场报价利率改革成效显著，存款利率市场化调整机制作用有效发挥，货币政策传导效率增强，社会融资成本明显下降。外汇市场供求基本平衡，经常账户顺差稳定，外汇储备充足，人民币汇率双向浮动、预期趋稳，在合理均衡水平上保持基本稳定，发挥了宏观经济稳定器功能。
会议指出，稳健的货币政策要灵活适度、精准有效。当前外部环境更趋复杂严峻，国际经济贸易投资放缓，通胀出现高位回落趋势，发达国家利率保持高位。我国经济回升向好、动力增强，高质量发展扎实推进，但仍面临有效需求不足、社会预期偏弱等挑战。要稳中求进、以进促稳，加大宏观政策调控力度，不断巩固稳中向好的基础。精准有效实施稳健的货币政策，更加注重做好逆周期和跨周期调节，更好发挥货币政策工具的总量和结构双重功能，着力扩大内需、提振信心，推动经济良性循环。
会议认为，要加大已出台货币政策实施力度。保持流动性合理充裕，引导信贷合理增长、均衡投放，保持社会融资规模、货币供应量同经济增长和价格水平预期目标相匹配。增强政府投资和政策激励的引导作用，提高乘数效应，有效带动激发更多民间投资。促进物价低位回升，保持物价在合理水平。完善市场化利率形成和传导机制，发挥央行政策利率引导作用，释放贷款市场报价利率改革和存款利率市场化调整机制效能，推动企业融资和居民信贷成本稳中有降。积极盘活被低效占用的金融资源，提高资金使用效率。深化汇率市场化改革，引导企业和金融机构坚持“风险中性”理念，综合施策、校正背离、稳定预期，坚决对顺周期行为予以纠偏，坚决防范汇率超调风险，防止形成单边一致性预期并自我强化，保持人民币汇率在合理均衡水平上的基本稳定。
会议指出，要深化金融供给侧结构性改革，构建金融有效支持实体经济的体制机制。引导大银行服务重心下沉，推动中小银行聚焦主责主业，支持银行补充资本，共同维护金融市场的稳定发展。做好科技金融、绿色金融、普惠金融、养老金融、数字金融“五篇大文章”，实施好存续结构性货币政策工具，落实好再贷款再贴现额度，继续加大对普惠金融、绿色转型、科技创新、数字经济、基础设施建设等支持力度，综合施策支持区域协调发展。落实好加大力度支持科技型企业融资行动方案，引导金融机构增加制造业中长期贷款，支持加快建设现代化产业体系。坚持“两个毫不动摇”，持续做好支持民营经济发展壮大的金融服务。以促进实现碳达峰、碳中和为目标完善绿色金融体系。优化大宗消费品和社会服务领域消费金融服务，继续加大对企业稳岗扩岗和重点群体创业就业的金融支持力度。因城施策精准实施差别化住房信贷政策，更好支持刚性和改善性住房需求，一视同仁满足不同所有制房地产企业合理融资需求，促进房地产市场平稳健康发展。加大对保障性住房建设、“平急两用”公共基础设施建设、城中村改造的金融支持力度，推动加快构建房地产发展新模式。落实促进平台经济健康发展的金融政策措施。切实推进金融高水平双向开放，提高开放条件下经济金融管理能力和防控风险能力。
会议强调，要以习近平新时代中国特色社会主义思想为指导，全面贯彻落实党的二十大、中央经济工作会议和中央金融工作会议精神，按照党中央、国务院的决策部署，坚持稳中求进工作总基调，牢牢把握高质量发展首要任务，扎实推进中国式现代化，完整、准确、全面贯彻新发展理念，加快构建新发展格局。把实施扩大内需战略同深化供给侧结构性改革有机结合起来，进一步加强部门间政策协调配合，强化政策统筹，充分发挥货币信贷政策效能，兼顾好内部均衡和外部均衡。切实增强经济活力、防范化解风险、改善社会预期，巩固和增强经济回升向好态势，持续推动经济实现质的有效提升和量的合理增长。
本次会议由中国人民银行行长兼货币政策委员会主席潘功胜主持，货币政策委员会委员廖岷、张青松、李云泽、易会满、康义、朱鹤新、刘世锦、蔡昉、王一鸣出席会议。徐守本、李春临、刘国强、田国立因公务请假。中国人民银行北京市分行、山西省分行、海南省分行、四川省分行、西藏自治区分行负责同志列席会议。（完）",http://www.pbc.gov.cn/zhengcehuobisi/125207/3870933/3870936/5347518/index.html
2023-09-27 09:14:00,"中国人民银行货币政策委员会2023年第三季度（总第102次）例会于9月25日在北京召开。
会议分析了国内外经济金融形势。会议认为，今年以来宏观政策坚持稳字当头、稳中求进，稳健的货币政策精准有力，加大逆周期调节力度，综合运用利率、准备金等政策工具，切实服务实体经济，有效防控金融风险，为经济回升向好创造适宜的货币金融环境。贷款市场报价利率改革成效显著，存款利率市场化调整机制作用有效发挥，货币政策传导效率增强，社会融资成本明显下降。外汇市场供求基本平衡，经常账户顺差稳定，外汇储备充足，人民币汇率双向浮动、预期趋稳，在合理均衡水平上保持基本稳定，发挥了宏观经济稳定器功能。
会议指出，当前外部环境更趋复杂严峻，国际经济贸易投资放缓，通胀仍处高位，发达国家利率将持续保持高位。国内经济持续恢复、回升向好、动力增强，但仍面临需求不足等挑战。要持续用力、乘势而上，加大宏观政策调控力度，精准有力实施稳健的货币政策，搞好逆周期和跨周期调节，更好发挥货币政策工具的总量和结构双重功能，着力扩大内需、提振信心，加快经济良性循环，为实体经济提供更有力支持。加大已出台货币政策实施力度，保持流动性合理充裕，保持信贷合理增长、节奏平稳，保持货币供应量和社会融资规模增速同名义经济增速基本匹配。增强政府投资和政策激励的引导作用，有效带动激发民间投资。促进物价低位回升，保持物价在合理水平。落实好调增的再贷款再贴现额度，实施好存续结构性货币政策工具，继续加大对普惠金融、绿色发展、科技创新、基础设施建设等国民经济重点领域和薄弱环节的支持力度，综合施策支持区域协调发展。深化金融供给侧结构性改革，引导大银行服务重心下沉，推动中小银行聚焦主责主业，支持银行补充资本，共同维护金融市场的稳定发展。完善市场化利率形成和传导机制，发挥央行政策利率引导作用，释放贷款市场报价利率改革和存款利率市场化调整机制效能，推动企业融资和居民信贷成本稳中有降。深化汇率市场化改革，引导企业和金融机构坚持“风险中性”理念，综合施策、校正背离、稳定预期，坚决对单边、顺周期行为予以纠偏，坚决防范汇率超调风险，保持人民币汇率在合理均衡水平上的基本稳定。构建金融有效支持实体经济的体制机制，落实好加大力度支持科技型企业融资行动方案，引导金融机构增加制造业中长期贷款，支持加快建设现代化产业体系。以促进实现碳达峰、碳中和为目标完善绿色金融体系。优化大宗消费品和社会服务领域消费金融服务，继续加大对企业稳岗扩岗和重点群体创业就业的金融支持力度。因城施策精准实施差别化住房信贷政策，支持刚性和改善性住房需求，落实新发放首套房贷利率政策动态调整机制，调降首付比和二套房贷利率下限，推动降低存量首套房贷利率落地见效，加大对“平急两用”公共基础设施建设、城中村改造、保障性住房建设等金融支持力度，推动建立房地产业发展新模式，促进房地产市场平稳健康发展。落实促进平台经济健康发展的金融政策措施，推动平台企业规范健康持续发展。切实推进金融高水平双向开放，提高开放条件下经济金融管理能力和防控风险能力。
会议强调，要以习近平新时代中国特色社会主义思想为指导，全面贯彻落实党的二十大和中央经济工作会议精神，按照党中央、国务院的决策部署，坚持稳中求进工作总基调，牢牢把握高质量发展首要任务，扎实推进中国式现代化，完整、准确、全面贯彻新发展理念，加快构建新发展格局，推动经济实现质的有效提升和量的合理增长。坚持“两个毫不动摇”，打好宏观政策、扩大需求、改革创新和防范化解风险组合拳，把实施扩大内需战略同深化供给侧结构性改革有机结合起来，把发挥政策效力和激发经营主体活力结合起来，进一步加强部门间政策协调，充分发挥货币信贷政策效能，兼顾好内部均衡和外部均衡，不断推动经济运行持续好转、内生动力持续增强、社会预期持续改善、风险隐患持续化解，为全面建设社会主义现代化国家开好局起好步。
本次会议由中国人民银行行长兼货币政策委员会主席潘功胜主持，货币政策委员会委员刘国强、张青松、李云泽、易会满、康义、田国立、刘世锦、蔡昉、王一鸣出席会议。徐守本、李春临、许宏才因公务请假。中国人民银行上海总部、辽宁省分行、湖南省分行、云南省分行负责同志列席会议。（完）",http://www.pbc.gov.cn/zhengcehuobisi/125207/3870933/3870936/5347521/index.html
2023-06-30 19:50:00,"中国人民银行货币政策委员会2023年第二季度（总第101次）例会于6月28日在北京召开。
会议分析了国内外经济金融形势。会议认为，今年以来宏观政策坚持稳字当头、稳中求进，推动经济运行整体好转。稳健的货币政策精准有力，加大逆周期调节力度，综合运用政策工具，切实服务实体经济，有效防控金融风险。贷款市场报价利率改革红利持续释放，存款利率市场化调整机制作用有效发挥，货币政策传导效率增强，贷款利率明显下降。外汇市场供求基本平衡，经常账户延续稳定顺差，外汇储备充足，人民币汇率双向浮动，在合理均衡水平上保持基本稳定，发挥了宏观经济稳定器功能。
会议指出，当前外部环境更趋复杂严峻，国际经济贸易投资放缓，通胀仍处高位，发达国家央行政策紧缩效应持续显现，国际金融市场波动加剧。国内经济运行整体回升向好，市场需求稳步恢复，生产供给持续增加，但内生动力还不强，需求驱动仍不足。要克服困难、乘势而上，加大宏观政策调控力度，精准有力实施稳健的货币政策，搞好跨周期调节，更好发挥货币政策工具的总量和结构双重功能，全力做好稳增长、稳就业、稳物价工作，切实支持扩大内需，改善消费环境，促进经济良性循环，为实体经济提供更有力支持。进一步疏通货币政策传导机制，保持流动性合理充裕，保持信贷合理增长、节奏平稳，保持货币供应量和社会融资规模增速同名义经济增速基本匹配。继续发挥好已投放的政策性开发性金融工具资金作用，增强政府投资和政策激励的引导作用，有效带动激发民间投资。关注物价走势边际变化，保持物价水平基本稳定。保持再贷款再贴现工具的稳定性，延续实施普惠小微贷款支持工具和保交楼贷款支持计划，继续加大对普惠金融、绿色发展、科技创新、基础设施建设等国民经济重点领域和薄弱环节的支持力度，综合施策支持区域协调发展。深化金融供给侧结构性改革，引导大银行服务重心下沉，推动中小银行聚焦主责主业，支持银行补充资本，共同维护金融市场的稳定发展。完善市场化利率形成和传导机制，优化央行政策利率体系，发挥存款利率市场化调整机制重要作用，发挥贷款市场报价利率改革效能和指导作用，推动企业融资和居民信贷成本稳中有降。深化汇率市场化改革，引导企业和金融机构坚持“风险中性”理念，综合施策、稳定预期，坚决防范汇率大起大落风险，保持人民币汇率在合理均衡水平上的基本稳定。构建金融有效支持实体经济的体制机制，落实好加大力度支持科技型企业融资行动方案，引导金融机构增加制造业中长期贷款，支持加快建设现代化产业体系。以促进实现碳达峰、碳中和为目标完善绿色金融体系。优化大宗消费品和社会服务领域消费金融服务，继续加大对企业稳岗扩岗和重点群体创业就业的金融支持力度。因城施策支持刚性和改善性住房需求，扎实做好保交楼、保民生、保稳定各项工作，促进房地产市场平稳健康发展，加快完善住房租赁金融政策体系，推动建立房地产业发展新模式。引导平台企业金融业务规范健康发展，提升平台企业金融活动常态化监管水平。推进金融高水平双向开放，提高开放条件下经济金融管理能力和防控风险能力。
会议强调，要以习近平新时代中国特色社会主义思想为指导，全面贯彻落实党的二十大、中央经济工作会议和全国“两会”精神，按照党中央、国务院的决策部署，坚持稳中求进工作总基调，牢牢把握高质量发展首要任务，扎实推进中国式现代化，完整、准确、全面贯彻新发展理念，加快构建新发展格局，更好统筹质的有效提升和量的合理增长，推动经济运行持续整体好转。坚持“两个毫不动摇”，打好宏观政策、扩大需求、改革创新和防范化解风险组合拳，把实施扩大内需战略同深化供给侧结构性改革有机结合起来，把发挥政策效力和激发经营主体活力结合起来，进一步加强部门间政策协调，充分发挥货币信贷政策效能，兼顾好内部均衡和外部均衡，统筹推动经济运行持续好转、内生动力持续增强、社会预期持续改善、风险隐患持续化解，为全面建设社会主义现代化国家开好局起好步。
本次会议由中国人民银行行长兼货币政策委员会主席易纲主持，货币政策委员会委员李春临、张青松、李云泽、易会满、康义、潘功胜、刘世锦、蔡昉、王一鸣出席会议。丁学东、许宏才、刘国强、田国立因公务请假。中国人民银行上海总部、天津分行、成都分行负责同志列席会议。（完）",http://www.pbc.gov.cn/zhengcehuobisi/125207/3870933/3870936/5347524/index.html
2023-04-14 17:23:42,"中国人民银行货币政策委员会2023年第一季度（总第100次）例会于4月7日在北京召开。
会议分析了国内外经济金融形势。会议认为，今年以来宏观政策坚持稳字当头、稳中求进，推动经济运行整体好转。稳健的货币政策精准有力，保持连续性、稳定性、可持续性，科学管理市场预期，切实服务实体经济，有效防控金融风险。贷款市场报价利率改革红利持续释放，存款利率市场化调整机制作用有效发挥，货币政策传导效率增强，贷款利率明显下降，人民币汇率双向浮动、弹性增强，在合理均衡水平上保持基本稳定，发挥了宏观经济稳定器功能。
会议指出，当前国际经济增长放缓，通胀仍处高位，地缘政治冲突持续，发达国家央行政策紧缩效应显现，国际金融市场波动加剧。国内经济呈现恢复向好态势，但恢复的基础尚不牢固。要精准有力实施稳健的货币政策，搞好跨周期调节，更好发挥货币政策工具的总量和结构双重功能，全力做好稳增长、稳就业、稳物价工作，着力支持扩大内需，为实体经济提供更有力支持。进一步疏通货币政策传导机制，保持流动性合理充裕，保持信贷合理增长、节奏平稳，保持货币供应量和社会融资规模增速同名义经济增速基本匹配。用好政策性开发性金融工具，重点发力支持和带动基础设施建设，促进政府投资带动民间投资。在国内粮食稳产增产、能源市场平稳运行的有利条件下，保持物价水平基本稳定。结构性货币政策工具要坚持“聚焦重点、合理适度、有进有退”，延续实施碳减排支持工具等三项货币政策工具，继续加大对普惠金融、绿色发展、科技创新、基础设施建设等国民经济重点领域和薄弱环节的支持力度，综合施策支持区域协调发展。深化金融供给侧结构性改革，引导大银行服务重心下沉，推动中小银行聚焦主责主业，支持银行补充资本，共同维护金融市场的稳定发展。完善市场化利率形成和传导机制，优化央行政策利率体系，发挥存款利率市场化调整机制重要作用，发挥贷款市场报价利率改革效能和指导作用，推动企业综合融资成本和个人消费信贷成本稳中有降。深化汇率市场化改革，增强人民币汇率弹性，引导企业和金融机构坚持“风险中性”理念，优化预期管理，保持人民币汇率在合理均衡水平上的基本稳定。构建金融有效支持实体经济的体制机制，完善金融支持科技创新体系，引导金融机构增加制造业中长期贷款，支持加快建设现代化产业体系，努力做到金融对民营企业的支持与民营企业对经济社会发展的贡献相适应。以促进实现碳达峰、碳中和为目标完善绿色金融体系。优化大宗消费品和社会服务领域消费金融服务，继续加大对企业稳岗扩岗和重点群体创业就业的金融支持力度。有效防范化解优质头部房企风险，改善资产负债状况，扎实做好保交楼、保民生、保稳定各项工作，因城施策支持刚性和改善性住房需求，加快完善住房租赁金融政策体系，推动房地产业向新发展模式平稳过渡。引导平台企业金融业务规范健康发展，提升平台企业金融活动常态化监管水平。推进金融高水平双向开放，提高开放条件下经济金融管理能力和防控风险能力。
会议强调，要以习近平新时代中国特色社会主义思想为指导，全面贯彻落实党的二十大、中央经济工作会议和全国“两会”精神，按照党中央、国务院的决策部署，坚持稳中求进工作总基调，牢牢把握高质量发展首要任务，扎实推进中国式现代化，完整、准确、全面贯彻新发展理念，加快构建新发展格局，更好统筹质的有效提升和量的合理增长，推动经济运行持续整体好转。坚持“两个毫不动摇”，打好宏观政策、扩大需求、改革创新和防范化解风险组合拳，把实施扩大内需战略同深化供给侧结构性改革有机结合起来，进一步加强部门间政策协调，充分发挥货币信贷政策效能，兼顾好内部均衡和外部均衡，统筹金融支持实体经济与防风险，为全面建设社会主义现代化国家开好局起好步。
本次会议由中国人民银行行长兼货币政策委员会主席易纲主持，货币政策委员会委员李春临、刘国强、张青松、康义、易会满、潘功胜、田国立、刘世锦、蔡昉、王一鸣出席会议。丁学东、许宏才、郭树清因公务请假。中国人民银行上海总部、天津分行、成都分行负责同志列席会议。（完）",http://www.pbc.gov.cn/zhengcehuobisi/125207/3870933/3870936/4853561/index.html
2022-12-30 18:30:00,"中国人民银行货币政策委员会2022年第四季度（总第99次）例会于12月28日召开。
会议分析了国内外经济金融形势。会议认为，2022年以来我国坚持统筹疫情防控和经济社会发展，有效实施宏观政策，最大程度稳住经济社会发展基本盘。稳健的货币政策灵活适度，保持连续性、稳定性、可持续性，科学管理市场预期，切实服务实体经济，有效防控金融风险。贷款市场报价利率改革红利持续释放，货币政策传导效率增强，贷款利率明显下降，人民币汇率双向浮动、弹性增强，在合理均衡水平上保持基本稳定，发挥了宏观经济稳定器功能。
会议指出，当前全球经济增长放缓、通胀高位运行，地缘政治冲突持续，外部环境动荡不安，国内经济恢复的基础尚不牢固，需求收缩、供给冲击、预期转弱三重压力仍然较大。要坚持稳字当头、稳中求进，强化跨周期和逆周期调节，加大稳健货币政策实施力度，要精准有力，发挥好货币政策工具的总量和结构双重功能，增强信心，攻坚克难，着力稳增长稳就业稳物价，着力支持扩大内需，着力为实体经济提供更有力支持。进一步疏通货币政策传导机制，保持流动性合理充裕，保持信贷总量有效增长，保持货币供应量和社会融资规模增速同名义经济增速基本匹配。用好政策性开发性金融工具，重点发力支持和带动基础设施建设。在国内粮食稳产增产、能源市场平稳运行的有利条件下，保持物价水平基本稳定。结构性货币政策工具要继续做好“加法”，强化对重点领域、薄弱环节和受疫情影响行业的支持，落实好支持煤炭清洁高效利用、科技创新、普惠养老、交通物流、设备更新改造专项再贷款和普惠小微贷款支持工具、碳减排支持工具，综合施策支持区域协调发展。深化金融供给侧结构性改革，引导大银行服务重心下沉，推动中小银行聚焦主责主业，支持银行补充资本，共同维护金融市场的稳定发展。完善市场化利率形成和传导机制，优化央行政策利率体系，发挥存款利率市场化调整机制重要作用，发挥贷款市场报价利率改革效能和指导作用，推动降低企业综合融资成本和个人消费信贷成本。深化汇率市场化改革，增强人民币汇率弹性，引导企业和金融机构坚持“风险中性”理念，优化预期管理，保持人民币汇率在合理均衡水平上的基本稳定。构建金融有效支持实体经济的体制机制，完善金融支持创新体系，引导金融机构增加制造业中长期贷款，支持加快建设现代化产业体系，努力做到金融对民营企业的支持与民营企业对经济社会发展的贡献相适应。以促进实现碳达峰、碳中和为目标完善绿色金融体系。优化大宗消费品和社会服务领域消费金融服务，继续加大对企业稳岗扩岗和重点群体创业就业的金融支持力度。扎实做好保交楼、保民生、保稳定各项工作，满足行业合理融资需求，推动行业重组并购，改善优质头部房企资产负债状况，因城施策支持刚性和改善性住房需求，做好新市民、青年人等住房金融服务，维护住房消费者合法权益，确保房地产市场平稳发展。引导平台企业金融业务规范健康发展，提升平台企业金融活动常态化监管水平。推进金融高水平双向开放，提高开放条件下经济金融管理能力和防控风险能力。
会议强调，要以习近平新时代中国特色社会主义思想为指导，全面贯彻落实党的二十大和中央经济工作会议精神，按照党中央、国务院的决策部署，扎实推进中国式现代化，坚持“两个毫不动摇”，坚持稳中求进工作总基调，完整、准确、全面贯彻新发展理念，加快构建新发展格局，着力推动高质量发展。加大宏观政策调控力度，大力提振市场信心，把实施扩大内需战略同深化供给侧结构性改革有机结合起来，进一步加强部门间政策协调，落实好稳经济一揽子政策和接续政策，充分发挥货币信贷政策效能，把握好内部均衡和外部均衡的平衡，统筹金融支持实体经济与防风险，推动经济运行整体好转，实现质的有效提升和量的合理增长，为全面建设社会主义现代化国家开好局起好步。
本次会议由中国人民银行行长兼货币政策委员会主席易纲召集，货币政策委员会委员丁学东、连维良、许宏才、刘国强、张青松、康义、郭树清、易会满、潘功胜、田国立、刘世锦、蔡昉、王一鸣参加。（完）",http://www.pbc.gov.cn/zhengcehuobisi/125207/3870933/3870936/4751683/index.html
2022-09-29 15:30:00,"中国人民银行货币政策委员会2022年第三季度（总第98次）例会于9月23日在北京召开。
会议分析了国内外经济金融形势。会议认为，今年以来我国坚持统筹疫情防控和经济社会发展，有效实施宏观政策，最大程度稳住经济社会发展基本盘。稳健的货币政策灵活适度，保持连续性、稳定性、可持续性，科学管理市场预期，切实服务实体经济，有效防控金融风险。贷款市场报价利率改革红利持续释放，货币政策传导效率增强，贷款利率稳中有降，人民币汇率预期总体平稳，双向浮动、弹性增强，发挥了宏观经济稳定器功能。
会议指出，当前全球经济增长放缓、通胀高位运行，地缘政治冲突持续，外部环境更趋复杂严峻，国内经济总体延续恢复发展态势，但仍面临需求收缩、供给冲击、预期转弱三重压力。要全面落实“疫情要防住、经济要稳住、发展要安全”的要求，稳字当头、稳中求进，强化跨周期和逆周期调节，加大稳健货币政策实施力度，发挥好货币政策工具的总量和结构双重功能，主动应对，攻坚克难，为实体经济提供更有力支持，着力稳就业和稳物价，稳定宏观经济大盘。进一步疏通货币政策传导机制，保持流动性合理充裕，增强信贷总量增长的稳定性，保持货币供应量和社会融资规模增速同名义经济增速基本匹配。用好政策性开发性金融工具，重点发力支持基础设施建设。在国内粮食稳产增产、能源市场平稳运行的有利条件下，保持物价水平基本稳定。结构性货币政策工具要继续做好“加法”，强化对重点领域、薄弱环节和受疫情影响行业的支持，支持金融机构发放制造业等重点领域设备更新改造贷款，落实好支持煤炭清洁高效利用、科技创新、普惠养老、交通物流专项再贷款和普惠小微贷款支持工具、碳减排支持工具，综合施策支持区域协调发展。深化金融供给侧结构性改革，引导大银行服务重心下沉，推动中小银行聚焦主责主业，支持银行补充资本，共同维护金融市场的稳定发展。完善市场化利率形成和传导机制，优化央行政策利率体系，发挥存款利率市场化调整机制重要作用，发挥贷款市场报价利率改革效能和指导作用，推动降低企业综合融资成本和个人消费信贷成本。深化汇率市场化改革，增强人民币汇率弹性，引导企业和金融机构坚持“风险中性”理念，加强预期管理，保持人民币汇率在合理均衡水平上的基本稳定。构建金融有效支持实体经济的体制机制，完善金融支持创新体系，引导金融机构增加制造业中长期贷款，着力稳定产业链供应链，努力做到金融对民营企业的支持与民营企业对经济社会发展的贡献相适应，以促进实现碳达峰、碳中和为目标完善绿色金融体系。优化大宗消费品和社会服务领域消费金融服务，继续加大对企业稳岗扩岗和重点群体创业就业的金融支持力度。因城施策用足用好政策工具箱，支持刚性和改善性住房需求，推动“保交楼”专项借款加快落地使用并视需要适当加大力度，引导商业银行提供配套融资支持，维护住房消费者合法权益，促进房地产市场平稳健康发展。推动平台经济规范健康持续发展，对平台经济实施常态化监管。推进金融高水平双向开放，提高开放条件下经济金融管理能力和防控风险能力。
会议强调，要以习近平新时代中国特色社会主义思想为指导，全面贯彻落实党的十九大、十九届历次全会、中央经济工作会议精神和《政府工作报告》要求，按照党中央、国务院的决策部署，坚持以经济建设为中心，坚持“两个毫不动摇”，坚持稳中求进工作总基调，完整、准确、全面贯彻新发展理念，加快构建新发展格局。坚持以深化供给侧结构性改革为主线，实施好扩大内需战略，继续做好“六稳”“六保”工作，进一步加强部门间政策协调，落实好稳经济一揽子政策和接续政策，加力巩固经济恢复发展基础，把握好内部均衡和外部均衡的平衡，统筹金融支持实体经济与防风险，保持经济运行在合理区间，推动经济高质量发展，以优异成绩迎接党的二十大胜利召开。
本次会议由中国人民银行行长兼货币政策委员会主席易纲主持，货币政策委员会委员连维良、许宏才、刘国强、康义、郭树清、易会满、潘功胜、刘世锦、蔡昉、王一鸣出席会议。丁学东、张青松、田国立因公务请假。（完）",http://www.pbc.gov.cn/zhengcehuobisi/125207/3870933/3870936/4671694/index.html
2022-06-29 17:30:00,"中国人民银行货币政策委员会2022年第二季度（总第97次）例会于6月24日在北京召开。
会议分析了国内外经济金融形势。会议认为，今年以来我国坚持统筹疫情防控和经济社会发展，有效实施宏观政策，最大程度稳住经济社会发展基本盘。稳健的货币政策灵活适度，保持连续性、稳定性、可持续性，科学管理市场预期，努力服务实体经济，有效防控金融风险。贷款市场报价利率改革红利持续释放，货币政策传导效率增强，贷款利率稳中有降，人民币汇率预期平稳，双向浮动弹性增强，发挥了宏观经济稳定器功能。
会议指出，当前全球经济增长放缓、通胀高位运行，地缘政治冲突持续，外部环境更趋复杂严峻，国内疫情防控形势总体向好但任务仍然艰巨，经济发展面临需求收缩、供给冲击、预期转弱三重压力。要按照“疫情要防住、经济要稳住、发展要安全”的明确要求，统筹抓好稳就业和稳物价，稳字当头、稳中求进，强化跨周期和逆周期调节，加大稳健货币政策实施力度，发挥好货币政策工具的总量和结构双重功能，主动应对，提振信心，为实体经济提供更有力支持，稳定宏观经济大盘。进一步疏通货币政策传导机制，保持流动性合理充裕，增强信贷总量增长的稳定性，保持货币供应量和社会融资规模增速同名义经济增速基本匹配。在国内粮食稳产增产、能源市场平稳运行的有利条件下，保持物价水平基本稳定。结构性货币政策工具要积极做好“加法”，精准发力，加大普惠小微贷款支持力度，支持中小微企业稳定就业，用好支持煤炭清洁高效利用、科技创新、普惠养老、交通物流专项再贷款和碳减排支持工具，综合施策支持区域协调发展，引导金融机构加大对小微企业、科技创新、绿色发展的支持。深化金融供给侧结构性改革，引导大银行服务重心下沉，推动中小银行聚焦主责主业，支持银行补充资本，共同维护金融市场的稳定发展，健全具有高度适应性、竞争力、普惠性的现代金融体系。完善市场化利率形成和传导机制，优化央行政策利率体系，加强存款利率监管，着力稳定银行负债成本，发挥贷款市场报价利率改革效能和指导作用，推动降低企业综合融资成本。深化汇率市场化改革，增强人民币汇率弹性，引导企业和金融机构坚持“风险中性”理念，加强预期管理，把握好内部均衡和外部均衡的平衡，保持人民币汇率在合理均衡水平上的基本稳定。构建金融有效支持实体经济的体制机制，完善金融支持创新体系，引导金融机构增加制造业中长期贷款，着力稳定产业链供应链，努力做到金融对民营企业的支持与民营企业对经济社会发展的贡献相适应，以促进实现碳达峰、碳中和为目标完善绿色金融体系。维护住房消费者合法权益，更好满足购房者合理住房需求，促进房地产市场健康发展和良性循环。推进金融高水平双向开放，提高开放条件下经济金融管理能力和防控风险能力。
会议强调，要以习近平新时代中国特色社会主义思想为指导，全面贯彻落实党的十九大、十九届历次全会、中央经济工作会议精神和《政府工作报告》要求，按照党中央、国务院的决策部署，坚持以经济建设为中心，坚持“两个毫不动摇”，坚持稳中求进工作总基调，完整、准确、全面贯彻新发展理念，加快构建新发展格局。坚持以深化供给侧结构性改革为主线，实施好扩大内需战略，继续做好“六稳”“六保”工作，进一步加强部门间政策协调，推动稳住经济一揽子政策尽快落地，发挥好稳住经济和助企纾困的政策效应，统筹金融支持实体经济与防风险，保持经济运行在合理区间，推动经济高质量发展，迎接党的二十大胜利召开。
本次会议由中国人民银行行长兼货币政策委员会主席易纲主持，货币政策委员会委员连维良、许宏才、刘国强、康义、郭树清、易会满、潘功胜、田国立、刘世锦、蔡昉、王一鸣出席会议。丁学东、陈雨露因公务请假。（完）",http://www.pbc.gov.cn/zhengcehuobisi/125207/3870933/3870936/4590478/index.html
2022-03-30 20:08:25,"中国人民银行货币政策委员会2022年第一季度（总第96次）例会于近日在北京召开。
会议分析了国内外经济金融形势。会议认为，今年以来我国统筹推进疫情防控和经济社会发展工作，有效实施宏观政策，经济发展和疫情防控保持全球领先地位。稳健的货币政策灵活适度，保持连续性、稳定性、可持续性，科学管理市场预期，努力服务实体经济，有效防控金融风险。贷款市场报价利率改革红利持续释放，货币政策传导效率增强，贷款利率稳中有降，人民币汇率预期平稳，双向浮动弹性增强，发挥了宏观经济稳定器功能。
会议指出，当前国外疫情持续，地缘政治冲突升级，外部环境更趋复杂严峻和不确定，国内疫情发生频次有所增多，经济发展面临需求收缩、供给冲击、预期转弱三重压力。要稳字当头、稳中求进，强化跨周期和逆周期调节，加大稳健的货币政策实施力度，增强前瞻性、精准性、自主性，发挥好货币政策工具的总量和结构双重功能，主动应对，提振信心，为实体经济提供更有力支持，稳定宏观经济大盘。进一步疏通货币政策传导机制，保持流动性合理充裕，增强信贷总量增长的稳定性，保持货币供应量和社会融资规模增速同名义经济增速基本匹配，保持宏观杠杆率基本稳定。结构性货币政策工具要积极做好“加法”，精准发力，用好普惠小微贷款支持工具，增加支农支小再贷款，实施好碳减排支持工具和支持煤炭清洁高效利用专项再贷款，综合施策支持区域协调发展，引导金融机构加大对小微企业、科技创新、绿色发展的支持。深化金融供给侧结构性改革，引导大银行服务重心下沉，推动中小银行聚焦主责主业，支持银行补充资本，共同维护金融市场的稳定发展，健全具有高度适应性、竞争力、普惠性的现代金融体系。完善市场化利率形成和传导机制，优化央行政策利率体系，加强存款利率监管，着力稳定银行负债成本，发挥贷款市场报价利率改革效能，推动降低企业综合融资成本。深化汇率市场化改革，增强人民币汇率弹性，引导企业和金融机构坚持“风险中性”理念，加强预期管理，把握好内部均衡和外部均衡的平衡，保持人民币汇率在合理均衡水平上的基本稳定。构建金融有效支持实体经济的体制机制，完善金融支持创新体系，引导金融机构增加制造业中长期贷款，努力做到金融对民营企业的支持与民营企业对经济社会发展的贡献相适应，以促进实现碳达峰、碳中和为目标完善绿色金融体系。维护住房消费者合法权益，更好满足购房者合理住房需求，促进房地产市场健康发展和良性循环。推进金融高水平双向开放，提高开放条件下经济金融管理能力和防控风险能力。
会议强调，要以习近平新时代中国特色社会主义思想为指导，全面贯彻落实党的十九大、十九届历次全会、中央经济工作会议精神和《政府工作报告》要求，按照党中央、国务院的决策部署，坚持以经济建设为中心，坚持“两个毫不动摇”，坚持稳中求进工作总基调，完整、准确、全面贯彻新发展理念，加快构建新发展格局。坚持以深化供给侧结构性改革为主线，实施好扩大内需战略，继续做好“六稳”“六保”工作，进一步加强部门间政策协调，统筹金融支持实体经济与防风险，保持经济运行在合理区间，推动经济高质量发展，迎接党的二十大胜利召开。
本次会议由中国人民银行行长兼货币政策委员会主席易纲主持，货币政策委员会委员余蔚平、陈雨露、康义、郭树清、易会满、潘功胜、田国立、刘世锦、蔡昉、王一鸣出席会议。丁学东、连维良、刘国强因公务请假。（完）",http://www.pbc.gov.cn/zhengcehuobisi/125207/3870933/3870936/4520514/index.html
2021-12-25 19:00:01,"中国人民银行货币政策委员会2021年第四季度（总第95次）例会于12月24日在北京召开。
会议分析了国内外经济金融形势。会议认为，今年以来我国统筹推进疫情防控和经济社会发展工作，有效实施宏观政策，经济发展和疫情防控保持全球领先地位。稳健的货币政策保持连续性、稳定性、可持续性，科学管理市场预期，努力服务实体经济，有效防控金融风险。贷款市场报价利率改革红利持续释放，货币政策传导效率增强，贷款利率稳中有降，人民币汇率预期平稳，双向浮动弹性增强，发挥了宏观经济稳定器功能。
会议指出，当前全球疫情仍在持续演变，外部环境更趋复杂严峻和不确定，国内经济发展面临需求收缩、供给冲击、预期转弱三重压力。要稳字当头、稳中求进，加大跨周期调节力度，与逆周期调节相结合，统筹做好今明两年宏观政策衔接，支持经济高质量发展。稳健的货币政策要灵活适度，增强前瞻性、精准性、自主性，发挥好货币政策工具的总量和结构双重功能，更加主动有为，加大对实体经济的支持力度，保持流动性合理充裕，增强信贷总量增长的稳定性，保持货币供应量和社会融资规模增速同名义经济增速基本匹配，保持宏观杠杆率基本稳定，增强经济发展韧性，稳定宏观经济大盘。结构性货币政策工具要积极做好“加法”，精准发力，将两项直达实体经济货币政策工具转换为支持普惠小微企业和个体工商户的市场化政策工具，实施好碳减排支持工具和支持煤炭清洁高效利用专项再贷款，综合施策支持区域协调发展，引导金融机构加大对小微企业、科技创新、绿色发展的支持。深化金融供给侧结构性改革，引导大银行服务重心下沉，推动中小银行聚焦主责主业，支持银行补充资本，增强金融市场的活力和韧性，健全具有高度适应性、竞争力、普惠性的现代金融体系。完善市场化利率形成和传导机制，优化央行政策利率体系，加强存款利率监管，发挥贷款市场报价利率改革效能，推动降低企业综合融资成本。深化汇率市场化改革，增强人民币汇率弹性，引导企业和金融机构坚持“风险中性”理念，加强预期管理，把握好内部均衡和外部均衡的平衡，保持人民币汇率在合理均衡水平上的基本稳定。构建金融有效支持实体经济的体制机制，完善金融支持创新体系，引导金融机构增加制造业中长期贷款，努力做到金融对民营企业的支持与民营企业对经济社会发展的贡献相适应，以促进实现碳达峰、碳中和为目标完善绿色金融体系。维护住房消费者合法权益，更好满足购房者合理住房需求，促进房地产市场健康发展和良性循环。推进金融高水平双向开放，提高开放条件下经济金融管理能力和防控风险能力。
会议强调，要以习近平新时代中国特色社会主义思想为指导，认真贯彻落实党的十九大、十九届历次全会、中央经济工作会议和《政府工作报告》精神，按照党中央、国务院的决策部署，坚持稳中求进工作总基调，完整、准确、全面贯彻新发展理念，加快构建新发展格局。坚持以深化供给侧结构性改革为主线，实施好扩大内需战略，继续做好“六稳”“六保”工作，加强金融与财政、产业、监管政策之间的协调，统筹金融支持实体经济与防风险，保持经济运行在合理区间，推动经济高质量发展，迎接党的二十大胜利召开。
本次会议由中国人民银行行长兼货币政策委员会主席易纲主持，货币政策委员会委员连维良、陈雨露、刘国强、宁吉喆、潘功胜、田国立、刘世锦、王一鸣出席会议。丁学东、邹加怡、郭树清、易会满、蔡昉因公务请假。（完）",http://www.pbc.gov.cn/zhengcehuobisi/125207/3870933/3870936/4430532/index.html
2021-09-27 17:30:04,"中国人民银行货币政策委员会2021年第三季度（总第94次）例会于9月24日在北京召开。
会议分析了国内外经济金融形势。会议认为，今年以来我国统筹推进疫情防控和经济社会发展工作，有效实施宏观政策，经济总体延续恢复态势。稳健的货币政策保持连续性、稳定性、可持续性，科学管理市场预期，努力服务实体经济，有效防控金融风险。贷款市场报价利率改革红利持续释放，货币政策传导效率增强，贷款利率稳中有降，人民币汇率预期平稳，双向浮动弹性增强，发挥了宏观经济稳定器功能。
会议指出，当前全球疫情仍在持续演变，外部环境更趋严峻复杂，国内经济恢复仍然不稳固、不均衡。要加强国内外经济形势边际变化的研判分析，加强国际宏观经济政策协调，防范外部冲击，集中精力办好自己的事，搞好跨周期政策设计，统筹做好今明两年宏观政策衔接，支持经济高质量发展。稳健的货币政策要灵活精准、合理适度，保持流动性合理充裕，增强信贷总量增长的稳定性，保持货币供应量和社会融资规模增速同名义经济增速基本匹配，保持宏观杠杆率基本稳定。坚持把服务实体经济放到更加突出的位置，维护经济大局总体平稳，增强经济发展韧性。进一步发挥好再贷款、再贴现和直达实体经济货币政策工具等措施的牵引带动作用，用好新增3000亿元支小再贷款额度，支持增加小微企业和个体工商户贷款，落实好普惠小微企业贷款延期还本付息政策和信用贷款支持计划延期工作，综合施策支持区域协调发展。深化金融供给侧结构性改革，引导大银行服务重心下沉，推动中小银行聚焦主责主业，增强金融市场的活力和韧性，健全具有高度适应性、竞争力、普惠性的现代金融体系。支持银行补充资本，提高服务实体经济和防范金融风险的能力。健全市场化利率形成和传导机制，完善央行政策利率体系，优化存款利率监管，继续释放贷款市场报价利率改革潜力，推动实际贷款利率进一步降低。深化汇率市场化改革，增强人民币汇率弹性，引导企业和金融机构坚持“风险中性”理念，加强预期管理，把握好内部均衡和外部均衡的平衡，保持人民币汇率在合理均衡水平上的基本稳定。构建金融有效支持实体经济的体制机制，完善金融支持创新体系，引导金融机构增加制造业中长期贷款，努力做到金融对民营企业的支持与民营企业对经济社会发展的贡献相适应，有序推动碳减排支持工具落地生效，以促进实现碳达峰、碳中和为目标完善绿色金融体系。维护房地产市场的健康发展，维护住房消费者的合法权益。推进金融高水平双向开放，提高开放条件下经济金融管理能力和防控风险能力。
会议强调，要以习近平新时代中国特色社会主义思想为指导，认真贯彻落实党的十九届五中全会、中央经济工作会议和《政府工作报告》精神，按照党中央、国务院的决策部署，坚持稳中求进工作总基调，稳字当头，完整、准确、全面贯彻新发展理念，深化供给侧结构性改革，加快构建新发展格局，坚持扩大内需战略，扎实做好“六稳”工作，全面落实“六保”任务，灵活精准实施货币政策，加强与财政、产业、监管政策之间的协调，统筹金融支持实体经济与防风险，保持经济运行在合理区间，推动经济高质量发展。
本次会议由中国人民银行行长兼货币政策委员会主席易纲主持，货币政策委员会委员连维良、刘国强、宁吉喆、郭树清、易会满、潘功胜、田国立、刘世锦、蔡昉、王一鸣出席会议。丁学东、邹加怡、陈雨露因公务请假。中国人民银行南京分行、武汉分行、西安分行负责同志列席会议。（完）",http://www.pbc.gov.cn/zhengcehuobisi/125207/3870933/3870936/4350647/index.html
2021-06-28 18:00:00,"中国人民银行货币政策委员会2021年第二季度（总第93次）例会于6月25日在北京召开。
会议分析了国内外经济金融形势。会议认为，今年以来我国统筹推进疫情防控和经济社会发展工作，有力实施宏观政策，国民经济总体延续稳定恢复态势。稳健的货币政策保持连续性、稳定性、可持续性，科学管理市场预期，大力服务实体经济，有效防控金融风险。贷款市场报价利率改革红利持续释放，货币政策传导效率增强，贷款利率稳中有降，人民币汇率预期平稳，双向浮动弹性增强，发挥了宏观经济稳定器功能。
会议指出，当前我国经济运行稳中加固、稳中向好，但国内外环境依然复杂严峻。要加强国内外经济形势的研判分析，加强国际宏观经济政策协调，防范外部冲击，集中精力办好自己的事，搞好跨周期政策设计，支持经济高质量发展。稳健的货币政策要灵活精准、合理适度，把握好政策时度效，保持流动性合理充裕，保持货币供应量和社会融资规模增速同名义经济增速基本匹配，保持宏观杠杆率基本稳定，维护经济大局总体平稳，增强经济发展韧性。进一步发挥好再贷款、再贴现和直达实体经济货币政策工具等措施的牵引带动作用，落实好普惠小微企业贷款延期还本付息政策和信用贷款支持计划延期工作，综合施策支持区域协调发展，加大力度支持普惠金融，引导金融机构加大对科技创新、小微企业和绿色发展等领域的支持。深化金融供给侧结构性改革，引导大银行服务重心下沉，推动中小银行聚焦主责主业，增强金融市场的活力和韧性，健全具有高度适应性、竞争力、普惠性的现代金融体系。健全市场化利率形成和传导机制，完善央行政策利率体系，优化存款利率监管，调整存款利率自律上限确定方式，继续释放贷款市场报价利率改革潜力，推动实际贷款利率进一步降低。深化汇率市场化改革，增强人民币汇率弹性，引导企业和金融机构坚持“风险中性”理念，加强预期管理，促进内外平衡，保持人民币汇率在合理均衡水平上的基本稳定。构建金融有效支持实体经济的体制机制，完善金融支持创新体系，引导金融机构增加制造业中长期贷款，努力做到金融对民营企业的支持与民营企业对经济社会发展的贡献相适应，研究设立碳减排支持工具，以促进实现碳达峰、碳中和为目标完善绿色金融体系。推进金融高水平双向开放，提高开放条件下经济金融管理能力和防控风险能力。
会议强调，要以习近平新时代中国特色社会主义思想为指导，认真贯彻落实党的十九届五中全会、中央经济工作会议和《政府工作报告》精神，按照党中央、国务院的决策部署，坚持稳中求进工作总基调，稳字当头，立足新发展阶段，贯彻新发展理念，构建新发展格局，以推动高质量发展为主题，以深化供给侧结构性改革为主线，坚持扩大内需战略，巩固拓展疫情防控和经济社会发展成果，扎实做好“六稳”工作，全面落实“六保”任务，灵活精准实施货币政策，处理好恢复经济与防范风险的关系，保持经济运行在合理区间，推动经济在恢复中达到更高水平均衡，以优异成绩庆祝中国共产党成立100周年。
本次会议由中国人民银行行长兼货币政策委员会主席易纲主持，货币政策委员会委员丁学东、连维良、陈雨露、刘国强、宁吉喆、郭树清、易会满、田国立、刘世锦、王一鸣出席会议。邹加怡、潘功胜、蔡昉因公务请假。中国人民银行南京分行、武汉分行、西安分行负责同志列席会议。（完）",http://www.pbc.gov.cn/zhengcehuobisi/125207/3870933/3870936/4277693/index.html
2021-03-25 20:32:49,"中国人民银行货币政策委员会2021年第一季度（总第92次）例会于3月24日在北京召开。
会议分析了国内外经济金融形势。会议认为，今年以来坚持统筹疫情防控和经济社会发展，经济运行持续恢复。稳健的货币政策保持连续性、稳定性、可持续性，预期管理科学有效，保持对经济恢复的必要支持力度，金融风险有效防控，金融服务实体经济的质量和效率逐步提升。贷款市场报价利率改革红利持续释放，货币传导效率增强，贷款利率稳中有降，人民币汇率总体稳定，双向浮动弹性增强，发挥了宏观经济稳定器功能。
会议指出，国内经济发展动力不断增强，积极因素明显增多，但经济恢复进程仍不平衡，境外疫情和世界经济趋于好转但形势依然复杂严峻，要加强国内外经济形势的研判分析，加强国际宏观经济政策协调，集中精力办好自己的事，搞好跨周期政策设计，支持经济高质量发展。稳健的货币政策要灵活精准、合理适度，把握好政策时度效，保持流动性合理充裕，保持货币供应量和社会融资规模增速同名义经济增速基本匹配，保持宏观杠杆率基本稳定。进一步发挥好再贷款、再贴现和直达实体经济货币政策工具的牵引带动作用，延续普惠小微企业贷款延期还本付息政策和信用贷款支持计划，加大再贷款再贴现支持普惠金融力度，引导金融机构加大对科技创新、小微企业和绿色发展等领域的支持。深化金融供给侧结构性改革，引导大银行服务重心下沉，推动中小银行聚焦主责主业，增强金融市场的活力和韧性，健全具有高度适应性、竞争力、普惠性的现代金融体系。健全市场化利率形成和传导机制，完善央行政策利率体系，继续释放改革促进降低贷款利率的潜力，优化存款利率监管，推动实际贷款利率进一步降低。深化汇率市场化改革，增强人民币汇率弹性，引导企业和金融机构坚持“风险中性”理念，加强预期管理，保持人民币汇率在合理均衡水平上的基本稳定。构建金融有效支持实体经济的体制机制，完善金融支持创新体系，围绕创新链和产业链打造资金链，形成金融、科技和产业良性循环和三角互动，引导金融机构增加制造业中长期贷款，努力做到金融对民营企业的支持与民营企业对经济社会发展的贡献相适应，支持区域协调发展，以促进实现碳达峰、碳中和为目标完善绿色金融体系。推进金融高水平双向开放，提高开放条件下经济金融管理能力和防控风险能力。
会议强调，要以习近平新时代中国特色社会主义思想为指导，认真贯彻落实党的十九届五中全会、中央经济工作会议和《政府工作报告》精神，按照党中央、国务院的决策部署，坚持稳中求进工作总基调，稳字当头，立足新发展阶段，贯彻新发展理念，构建新发展格局，以推动高质量发展为主题，以深化供给侧结构性改革为主线，坚持扩大内需战略，巩固拓展疫情防控和经济社会发展成果，扎实做好“六稳”工作，全面落实“六保”任务，灵活精准实施货币政策，处理好恢复经济与防范风险的关系，努力保持经济运行在合理区间，以高质量发展为“十四五”开好局，以优异成绩庆祝中国共产党成立100周年。
本次会议由中国人民银行行长兼货币政策委员会主席易纲主持，货币政策委员会委员邹加怡、陈雨露、刘国强、宁吉喆、郭树清、易会满、潘功胜、田国立、刘世锦、蔡昉、王一鸣出席会议。丁学东、连维良因公务请假。中国人民银行南京分行、武汉分行、西安分行负责同志列席会议。（完）",http://www.pbc.gov.cn/zhengcehuobisi/125207/3870933/3870936/4214362/index.html
2020-12-29 18:00:01,"中国人民银行货币政策委员会2020年第四季度（总第91次）例会于12月25日在北京召开。
会议分析了国内外经济金融形势。会议认为，今年以来统筹疫情防控和经济社会发展工作取得重大成果，经济运行逐步恢复常态。稳健的货币政策体现了前瞻性、精准性和时效性，大力支持疫情防控、复工复产和实体经济发展，金融风险有效防控，金融服务实体经济的质量和效率逐步提升。存量浮动利率贷款定价基准转换顺利完成，贷款市场报价利率改革红利持续释放，货币传导效率增强，贷款利率明显下降，人民币汇率总体稳定，双向浮动弹性增强，发挥了宏观经济稳定器功能。
会议指出，当前境外疫情和世界经济形势依然复杂严峻，国内经济内生动力增强，但也面临疫情等不稳定不确定因素冲击，要加强经济形势的研判分析，加强国际宏观经济政策协调，集中精力办好自己的事，搞好跨周期政策设计，支持经济高质量发展。稳健的货币政策要灵活精准、合理适度，保持货币政策的连续性、稳定性、可持续性，把握好政策时度效，保持对经济恢复的必要支持力度。综合运用并创新多种货币政策工具，保持流动性合理充裕，保持货币供应量和社会融资规模增速同名义经济增速基本匹配，保持宏观杠杆率基本稳定。进一步发挥好再贷款、再贴现和直达实体经济货币政策工具的牵引带动作用，加大对科技创新、小微企业和绿色发展的金融支持，延续普惠小微企业贷款延期还本付息政策和信用贷款支持计划。深化金融供给侧结构性改革，引导大银行服务重心下沉，推动中小银行聚焦主责主业，增强金融市场的活力和韧性，健全具有高度适应性、竞争力、普惠性的现代金融体系。着力打通货币传导的多种堵点，继续释放改革促进降低贷款利率的潜力，巩固贷款实际利率水平下降成果，促进企业综合融资成本稳中有降。构建金融有效支持实体经济的体制机制，完善金融支持创新体系，围绕创新链和产业链打造资金链，形成金融、科技和产业良性循环和三角互动，引导金融机构增加制造业中长期贷款，努力做到金融对民营企业的支持与民营企业对经济社会发展的贡献相适应，以促进实现碳达峰、碳中和为目标完善绿色金融体系。以创新驱动、高质量供给引领和创造新需求，加快构建以国内大循环为主体、国内国际双循环相互促进的新发展格局。推进金融高水平双向开放，提高开放条件下经济金融管理能力和防控风险能力。
会议强调，要以习近平新时代中国特色社会主义思想为指导，认真贯彻落实党的十九届五中全会和中央经济工作会议精神，按照党中央、国务院的决策部署，坚持稳中求进工作总基调，稳字当头，不急转弯，立足新发展阶段，贯彻新发展理念，构建新发展格局，以推动高质量发展为主题，以深化供给侧结构性改革为主线，坚持扩大内需战略，巩固拓展疫情防控和经济社会发展成果，扎实做好“六稳”工作，全面落实“六保”任务，以高质量发展为“十四五”开好局。深化利率汇率市场化改革，健全市场化利率形成和传导机制，引导企业和金融机构坚持“风险中性”理念，稳定市场预期，保持人民币汇率在合理均衡水平上的基本稳定。处理好恢复经济和防范风险关系，守住不发生系统性金融风险的底线。
本次会议由中国人民银行行长兼货币政策委员会主席易纲主持，货币政策委员会委员丁学东、邹加怡、刘国强、郭树清、易会满、潘功胜、田国立、刘世锦、马骏出席会议。连维良、陈雨露、宁吉喆、刘伟因公务请假。中国人民银行广州分行、营业管理部、重庆营业管理部负责同志列席会议。（完）",http://www.pbc.gov.cn/zhengcehuobisi/125207/3870933/3870936/4155352/index.html
2020-09-28 17:36:22,"中国人民银行货币政策委员会2020年第三季度（总第90次）例会于9月25日在北京召开。
会议分析了国内外经济金融形势。会议认为，今年以来统筹疫情防控和经济社会发展工作取得重大成果，经济稳步恢复。稳健的货币政策体现了前瞻性、精准性和时效性，大力支持疫情防控、复工复产和实体经济发展，金融风险有效防控，金融服务实体经济的质量和效率逐步提升。存量浮动利率贷款定价基准转换顺利完成，贷款市场报价利率改革红利持续释放，货币传导效率增强，贷款利率明显下降，人民币汇率总体稳定，双向浮动弹性提升，发挥了宏观经济稳定器功能。
会议指出，当前境外疫情和世界经济形势依然复杂严峻，要加强对国际经济形势的研判分析，加强国际宏观经济政策协调，集中精力办好自己的事，完善跨周期设计和调节，支持经济高质量发展。稳健的货币政策要更加灵活适度、精准导向，综合运用并创新多种货币政策工具，保持流动性合理充裕。有效发挥结构性货币政策工具的精准滴灌作用，提高政策的“直达性”，继续用好1万亿元普惠性再贷款再贴现额度，落实好两项直达实体货币政策工具，确保普惠小微贷款应延尽延，切实提高普惠小微信用贷款发放比例。深化金融供给侧结构性改革，引导大银行服务重心下沉，推动中小银行聚焦主责主业，健全具有高度适应性、竞争力、普惠性的现代金融体系。着力打通货币传导的多种堵点，继续释放改革促进降低贷款利率的潜力，综合施策推动综合融资成本明显下降，引导金融机构加大对实体经济的支持力度，补短板、锻长板，确保新增融资重点流向制造业、中小微企业，努力做到金融对民营企业的支持与民营企业对经济社会发展的贡献相适应，推动供给体系、需求体系和金融体系形成相互支持的三角框架，加快形成以国内大循环为主体、国内国际双循环相互促进的新发展格局。进一步扩大金融高水平双向开放，提高开放条件下经济金融管理能力和防控风险能力。
会议强调，要以习近平新时代中国特色社会主义思想为指导，认真贯彻落实党的十九届四中全会、中央经济工作会议和《政府工作报告》精神，继续按照党中央、国务院的决策部署，紧扣全面建成小康社会目标任务，更好统筹常态化疫情防控和经济社会发展工作，坚持稳中求进工作总基调，坚持结构调整的战略方向，牢牢把握扩大内需战略基点，扎实做好“六稳”工作，全面落实“六保”任务。深化利率市场化改革，引导贷款利率继续下行，保持人民币汇率在合理均衡水平上的基本稳定。打好防范化解重大金融风险攻坚战，守住不发生系统性金融风险的底线，实现稳增长和防风险长期均衡。
本次会议由中国人民银行行长兼货币政策委员会主席易纲主持，货币政策委员会委员丁学东、连维良、邹加怡、宁吉喆、郭树清、潘功胜、田国立、刘世锦、刘伟出席会议。陈雨露、刘国强、易会满、马骏因公务请假。中国人民银行广州分行、营业管理部、重庆营业管理部负责同志列席会议。（完）",http://www.pbc.gov.cn/zhengcehuobisi/125207/3870933/3870936/4104638/index.html
2020-06-28 18:04:00,"中国人民银行货币政策委员会2020年第二季度（总第89次）例会于6月24日在北京召开。
会议分析了国内外经济金融形势。会议认为，新冠肺炎疫情对我国经济的冲击总体可控，我国经济增长保持韧性，长期向好的基本面没有改变。稳健的货币政策体现了前瞻性、针对性和逆周期调节的要求，大力支持疫情防控、复工复产和实体经济发展，金融风险有效防控，金融服务实体经济的质量和效率逐步提升。贷款市场报价利率改革效果显现，货币传导效率增强，贷款利率明显下降，人民币汇率总体稳定，双向浮动弹性提升，应对外部冲击的能力增强。当前国内统筹疫情防控和复工复产取得重大阶段性成果，各类经济指标出现边际改善，但全球疫情和世界经济形势依然严峻复杂，国内防范疫情反弹任务仍然艰巨繁重，给我国经济发展带来风险和挑战。
会议指出，要跟踪世界经济金融形势变化，加强对国际经济形势的研判分析，加强国际宏观经济政策协调，集中精力办好自己的事。创新和完善宏观调控，稳健的货币政策要更加灵活适度，把支持实体经济恢复与可持续发展放到更加突出的位置。坚持总量政策适度，促进金融与实体经济良性循环，全力支持做好“六稳”“六保”工作。综合运用并创新多种货币政策工具，保持流动性合理充裕。有效发挥结构性货币政策工具的精准滴灌作用，提高政策的“直达性”，继续用好1万亿元普惠性再贷款再贴现额度，落实好新创设的直达实体工具，支持符合条件的地方法人银行对普惠小微企业贷款实施延期还本付息和发放信用贷款。深化金融供给侧结构性改革，引导大银行服务重心下沉，推动中小银行聚焦主责主业，健全具有高度适应性、竞争力、普惠性的现代金融体系。着力打通货币传导的多种堵点，继续释放改革促进降低贷款利率的潜力，引导金融机构加大对实体经济特别是小微企业、民营企业的支持力度，提高小微企业贷款、信用贷款、制造业贷款比重，努力做到金融对民营企业的支持与民营企业对经济社会发展的贡献相适应，推动供给体系、需求体系和金融体系形成相互支持的三角框架，促进形成以国内循环为主、国际国内互促的双循环发展新格局。进一步扩大金融高水平双向开放，提高开放条件下经济金融管理能力和防控风险能力。
会议强调，要以习近平新时代中国特色社会主义思想为指导，认真贯彻落实党的十九届四中全会、中央经济工作会议和《政府工作报告》精神，继续按照党中央、国务院的决策部署，紧扣全面建成小康社会目标任务，统筹推进疫情防控和经济社会发展，在常态化疫情防控条件下，坚持稳中求进工作总基调。加大宏观政策调节力度，着力稳企业保就业，扎实做好“六稳”工作，全面落实“六保”任务。健全财政、货币、就业等政策协同和传导落实机制，有效对冲疫情对经济增长的影响。深化利率市场化改革，有序推进存量浮动利率贷款定价基准转换，保持人民币汇率在合理均衡水平上的基本稳定。打好防范化解金融风险攻坚战，把握保增长与防风险的有效平衡，注重在改革发展中化解风险，守住不发生系统性金融风险的底线。
本次会议由中国人民银行行长兼货币政策委员会主席易纲主持，货币政策委员会委员连维良、邹加怡、刘国强、宁吉喆、郭树清、易会满、潘功胜、田国立、刘世锦、马骏出席会议。丁学东、陈雨露、刘伟因公务请假。中国人民银行营业管理部负责同志列席会议。（完）",http://www.pbc.gov.cn/zhengcehuobisi/125207/3870933/3870936/4046186/index.html
2020-03-27 20:32:33,"中国人民银行货币政策委员会2020年第一季度（总第88次）例会于3月26日在北京召开。
会议分析了国内外经济金融形势。会议认为，新冠肺炎疫情对我国经济的冲击总体可控，我国经济增长保持韧性，长期向好的基本面没有改变。稳健的货币政策体现了前瞻性、针对性和逆周期调节的要求，大力支持疫情防控、复工复产和实体经济发展，宏观杠杆率基本稳定，金融风险有效防控，金融服务实体经济的质量和效率逐步提升。贷款市场报价利率改革效果显现，贷款实际利率明显下降，人民币汇率总体稳定，双向浮动弹性提升，应对外部冲击的能力增强。当前国内疫情防控形势持续向好，生产生活秩序加快恢复，但经济下行压力加大，境外疫情扩散蔓延及其对世界经济产生不利影响，也给我国疫情防控和经济发展带来新的挑战。
会议指出，要跟踪世界经济金融形势变化，加强对国际经济形势的研判分析，加强国际宏观经济政策协调，集中精力办好自己的事。创新和完善宏观调控，稳健的货币政策要更加注重灵活适度，把支持实体经济恢复发展放到更加突出的位置。运用多种货币政策工具，保持流动性合理充裕，保持物价水平总体稳定。有效发挥结构性货币政策工具的精准滴灌作用，用好3000亿元专项再贷款、5000亿元再贷款再贴现专用额度和3500亿元政策性银行专项信贷额度，引导金融机构加大对抗疫保供、复工复产、脱贫攻坚、春耕备耕、畜禽养殖、外贸行业等的信贷支持。深化金融供给侧结构性改革，引导大银行服务重心下沉，推动中小银行聚焦主责主业，健全具有高度适应性、竞争力、普惠性的现代金融体系。下大力气疏通货币政策传导，继续释放改革促进降低贷款实际利率的潜力，引导金融机构加大对实体经济特别是小微、民营企业的支持力度，努力做到金融对民营企业的支持与民营企业对经济社会发展的贡献相适应，推动供给体系、需求体系和金融体系形成相互支持的三角框架，促进国民经济整体良性循环。进一步扩大金融高水平双向开放，提高开放条件下经济金融管理能力和防控风险能力。
会议强调，要以习近平新时代中国特色社会主义思想为指导，认真贯彻落实党的十九届四中全会和中央经济工作会议精神，继续按照党中央、国务院的决策部署，坚持稳中求进工作总基调，统筹推进疫情防控和经济社会发展。加大宏观政策逆周期调节力度，着力激发微观主体活力，全面做好“六稳”工作。健全财政、货币、就业等政策协同和传导落实机制，对冲疫情对经济增长的影响。深化利率市场化改革，有序推进存量浮动利率贷款定价基准转换，保持人民币汇率在合理均衡水平上的基本稳定。打好防范化解金融风险攻坚战，平衡好稳增长、防风险、控通胀的关系，注重在改革发展中化解风险，守住不发生系统性金融风险的底线。
本次会议由中国人民银行行长兼货币政策委员会主席易纲主持，货币政策委员会委员邹加怡、刘国强、郭树清、易会满、田国立、刘世锦、刘伟、马骏出席会议。丁学东、连维良、陈雨露、宁吉喆、潘功胜因公务请假。中国人民银行营业管理部负责同志列席会议。（完）",http://www.pbc.gov.cn/zhengcehuobisi/125207/3870933/3870936/3997340/index.html
2020-01-01 10:00:00,"2019年12月27日，中国人民银行货币政策委员会2019年第四季度（总第87次）例会在北京召开。
会议分析了国内外经济金融形势。会议认为，当前我国主要宏观经济指标保持在合理区间，经济增长保持韧性，增长动力持续转换。贷款市场报价利率全面应用，贷款利率定价市场化程度提高，人民币汇率总体稳定，双向浮动弹性提升，应对外部冲击的能力增强。稳健的货币政策体现了逆周期调节的要求，宏观杠杆率基本稳定，金融风险有效防控，金融服务实体经济的质量和效率逐步提升。国内经济金融领域的结构调整出现积极变化，但经济下行压力仍然较大，国际经济金融形势错综复杂，世界大变局加速演变的特征更趋明显。
会议指出，要继续密切关注国际国内经济金融形势的深刻变化，善于把外部压力转化为深化改革、扩大开放的强大动力，集中精力办好自己的事。创新和完善宏观调控，稳健的货币政策要灵活适度，运用多种货币政策工具，保持流动性合理充裕，保持广义货币M2和社会融资规模增速与国内生产总值名义增速相匹配，不搞“大水漫灌”，保持物价水平总体稳定。深化金融供给侧结构性改革，引导大银行服务重心下沉，推动中小银行聚焦主责主业，优化融资结构和信贷结构，加大对推动高质量发展的支持力度，健全具有高度适应性、竞争力、普惠性的现代金融体系。下大力气疏通货币政策传导，降低社会融资成本，坚持用市场化改革办法促进实际利率水平明显降低，引导金融机构加大对实体经济特别是小微、民营企业的支持力度，努力做到金融对民营企业的支持与民营企业对经济社会发展的贡献相适应，推动供给体系、需求体系和金融体系形成相互支持的三角框架，促进国民经济整体良性循环。进一步扩大金融高水平双向开放，提高开放条件下经济金融管理能力和防控风险能力，提高参与国际金融治理能力。
会议强调，要以习近平新时代中国特色社会主义思想为指导，认真贯彻落实党的十九届四中全会和中央经济工作会议精神，继续按照党中央、国务院的决策部署，坚持稳中求进工作总基调，科学稳健把握宏观政策逆周期调节力度，着力激发微观主体活力，全面做好“六稳”工作。健全财政、货币、就业等政策协同和传导落实机制，确保经济运行在合理区间。深化利率市场化改革，推动存量浮动利率贷款定价基准转换，保持人民币汇率在合理均衡水平上的基本稳定。打好防范化解金融风险攻坚战，平衡好稳增长和防风险的关系，注重在改革发展中化解风险，稳定市场预期，守住不发生系统性金融风险的底线。
本次会议由中国人民银行行长兼货币政策委员会主席易纲主持，货币政策委员会委员连维良、邹加怡、陈雨露、刘国强、宁吉喆、郭树清、易会满、田国立、刘世锦、刘伟、马骏出席会议。丁学东、潘功胜因公务请假。中国人民银行沈阳分行、济南分行、成都分行负责同志列席会议。（完）",http://www.pbc.gov.cn/zhengcehuobisi/125207/3870933/3870936/3953520/index.html
2019-09-27 19:17:17,"中国人民银行货币政策委员会2019年第三季度（总第86次）例会于9月25日在北京召开。
会议分析了国内外经济金融形势。会议认为，当前我国主要宏观经济指标保持在合理区间，经济增长保持韧性，增长动力持续转换。人民币汇率总体稳定，双向浮动弹性提升，应对外部冲击的能力增强。稳健的货币政策体现了逆周期调节的要求，宏观杠杆率高速增长势头得到初步遏制，金融风险总体可控，金融服务实体经济的质量和效率逐步提升。国内经济金融领域的结构调整出现积极变化，但经济下行压力加大，国际经济金融形势错综复杂，外部不确定不稳定因素增多。
会议指出，要继续密切关注国际国内经济金融形势的深刻变化，增强忧患意识，保持战略定力，认真办好自己的事。创新和完善宏观调控，加大逆周期调节力度，加强宏观政策协调，形成合力。稳健的货币政策要松紧适度，把好货币供给总闸门，不搞“大水漫灌”，保持广义货币M2和社会融资规模增速与国内生产总值名义增速相匹配，保持物价水平总体稳定。继续深化金融体制改革，健全货币政策和宏观审慎政策双支柱调控框架，按照深化金融供给侧结构性改革的要求，优化融资结构和信贷结构，加大对推动高质量发展的支持力度，提升金融体系与供给体系和需求体系的适配性。下大力气疏通货币政策传导，坚持用市场化改革办法促进实际利率水平明显降低，引导金融机构加大对实体经济特别是小微、民营企业的支持力度，努力做到金融对民营企业的支持与民营企业对经济社会发展的贡献相适应，推动供给体系、需求体系和金融体系形成相互支持的三角框架，促进国民经济整体良性循环。进一步扩大金融高水平双向开放，提高开放条件下经济金融管理能力和防控风险能力，提高参与国际金融治理能力。
会议强调，要以习近平新时代中国特色社会主义思想为指导，认真贯彻落实党的十九大、中央经济工作会议和政府工作报告精神，继续按照党中央、国务院的决策部署，坚持稳中求进工作总基调，着力激发微观主体活力，全面做好“六稳”工作。灵活运用多种货币政策工具，保持流动性合理充裕。深化利率市场化改革，完善贷款市场报价利率形成机制，推动实际运用，保持人民币汇率在合理均衡水平上的基本稳定，促进经济持续健康发展。打好防范化解金融风险攻坚战，在推动高质量发展中防范化解风险，把握好处置风险的力度和节奏，稳定市场预期，守住不发生系统性金融风险的底线。
本次会议由中国人民银行行长兼货币政策委员会主席易纲主持，货币政策委员会委员丁学东、连维良、陈雨露、刘国强、宁吉喆、郭树清、易会满、潘功胜、刘世锦、刘伟、马骏出席会议。邹加怡、田国立因公务请假。中国人民银行沈阳分行、济南分行、成都分行负责同志列席会议。（完）",http://www.pbc.gov.cn/zhengcehuobisi/125207/3870933/3870936/3897483/index.html
2019-06-27 17:00:01,"中国人民银行货币政策委员会2019年第二季度（总第85次）例会于6月25日在北京召开。
会议分析了国内外经济金融形势。会议认为，当前我国经济呈现健康发展，经济增长保持韧性，增长动力加快转换。人民币汇率总体稳定，应对外部冲击的能力增强。稳健的货币政策体现了逆周期调节的要求，宏观杠杆率高速增长势头得到初步遏制，金融风险防控稳妥果断推进，金融服务实体经济的质量和效率逐步提升。国内经济金融领域的结构调整出现积极变化，但仍存在一些深层次问题和突出矛盾，国际经济金融形势错综复杂，外部不确定不稳定因素增多。
会议指出，要继续密切关注国际国内经济金融形势的深刻变化，增强忧患意识，保持战略定力，创新和完善宏观调控，适时适度实施逆周期调节，加强宏观政策协调。稳健的货币政策要松紧适度，把好货币供给总闸门，不搞“大水漫灌”，保持广义货币M2和社会融资规模增速与国内生产总值名义增速相匹配。继续深化金融体制改革，健全货币政策和宏观审慎政策双支柱调控框架，进一步疏通货币政策传导渠道。按照深化金融供给侧结构性改革的要求，优化融资结构和信贷结构，加大对高质量发展的支持力度，提升金融体系与供给体系和需求体系的适配性。改进小微企业和“三农”金融服务，努力做到金融对民营企业的支持与民营企业对经济社会发展的贡献相适应，推动供给体系、需求体系和金融体系形成相互支持的三角框架，促进国民经济整体良性循环。进一步扩大金融高水平双向开放，提高开放条件下经济金融管理能力和防控风险能力，提高参与国际金融治理能力。
会议强调，要以习近平新时代中国特色社会主义思想为指导，认真贯彻落实党的十九大、中央经济工作会议和政府工作报告精神，继续按照党中央、国务院的决策部署，坚持稳中求进工作总基调，着力激发微观主体活力，进一步稳就业、稳金融、稳外贸、稳外资、稳投资、稳预期。综合运用多种货币政策工具，保持流动性合理充裕。深化利率市场化改革，保持人民币汇率在合理均衡水平上的基本稳定，促进经济平稳健康发展。打好防范化解金融风险攻坚战，在推动高质量发展中防范化解风险，把握好处置风险的力度和节奏，稳定市场预期，守住不发生系统性金融风险的底线。
本次会议由中国人民银行行长兼货币政策委员会主席易纲主持，货币政策委员会委员连维良、邹加怡、陈雨露、刘国强、宁吉喆、郭树清、易会满、潘功胜、田国立、刘世锦、刘伟、马骏出席会议。丁学东因公务请假。中国人民银行沈阳分行、济南分行、成都分行负责同志列席会议。（完）",http://www.pbc.gov.cn/zhengcehuobisi/125207/3870933/3870936/3870963/index.html
2019-04-15 17:38:20,"中国人民银行货币政策委员会2019年第一季度（总第84次）例会4月12日在北京召开。
会议分析了国内外经济金融形势。会议认为，当前我国经济呈现健康发展，经济增长保持韧性，增长动力加快转换。人民币汇率总体稳定，金融市场预期改善，应对外部冲击的能力增强。稳健的货币政策体现了逆周期调节的要求，宏观杠杆率趋于稳定，金融风险防控成效显现，金融服务实体经济的质量和效率逐步提升。国内经济金融领域的结构调整出现积极变化，但仍存在一些深层次问题和突出矛盾，国际经济金融形势错综复杂，不确定性仍然较多。
会议指出，要继续密切关注国际国内经济金融形势的边际变化，增强忧患意识，保持战略定力，坚持逆周期调节，进一步加强货币、财政与其他政策之间的协调，适时预调微调，注重在稳增长的基础上防风险。稳健的货币政策要松紧适度，把好货币供给总闸门，不搞“大水漫灌”，同时保持流动性合理充裕，广义货币M2和社会融资规模增速要与国内生产总值名义增速相匹配。继续深化金融体制改革，健全货币政策和宏观审慎政策双支柱调控框架，稳妥推进利率等关键领域改革，进一步疏通货币政策传导渠道。按照深化金融供给侧结构性改革的要求，以金融体系结构调整优化为重点，优化融资结构和信贷结构，努力做到金融对民营企业的支持与民营企业对经济社会发展的贡献相适应。综合施策提升金融服务实体经济的质效，改进小微企业和“三农”金融服务，推动稳健货币政策、增强微观主体活力和发挥资本市场功能之间形成三角良性循环，促进国民经济整体良性循环。进一步扩大金融高水平双向开放，提高开放条件下经济金融管理能力和防控风险能力，提高参与国际金融治理能力。
会议强调，要以习近平新时代中国特色社会主义思想为指导，认真贯彻落实党的十九大、中央经济工作会议和政府工作报告精神，继续按照党中央国务院的决策部署，坚持稳中求进工作总基调，着力激发微观主体活力，创新和完善宏观调控，进一步稳就业、稳金融、稳外贸、稳外资、稳投资、稳预期。综合运用多种货币政策工具，保持人民币汇率在合理均衡水平上的基本稳定，在利率、汇率和国际收支等之间保持平衡，促进经济平稳健康发展，稳定市场预期，打好防范化解金融风险攻坚战，守住不发生系统性金融风险的底线。
本次会议由中国人民银行行长兼货币政策委员会主席易纲主持，货币政策委员会委员连维良、刘伟（财政部）、陈雨露、刘国强、宁吉喆、郭树清、易会满、潘功胜、田国立、刘世锦、刘伟（中国人民大学）、马骏出席会议。丁学东因公务请假。中国人民银行沈阳分行、济南分行、成都分行负责同志列席会议。（完）",http://www.pbc.gov.cn/zhengcehuobisi/125207/3870933/3870936/3870966/index.html
2018-12-27 16:16:48,"中国人民银行货币政策委员会2018年第四季度（总第83次）例会于12月26日在北京召开。
会议分析了国内外经济金融形势。会议认为，当前我国经济保持平稳发展，经济增长保持韧性，总供求基本平衡，增长动力加快转换，人民币汇率及市场预期总体稳定，应对外部冲击的能力增强。稳健中性的货币政策取得了较好成效，宏观杠杆率趋于稳定，金融风险防控成效显现，金融对实体经济的支持力度进一步增强。国内经济金融领域的结构调整出现积极变化，但仍存在一些深层次问题和突出矛盾，国际经济金融形势更加错综复杂，面临更加严峻的挑战。
会议指出，要继续密切关注国际国内经济金融形势的边际变化，增强忧患意识，加大逆周期调节的力度，提高货币政策前瞻性、灵活性和针对性。稳健的货币政策要更加注重松紧适度，保持流动性合理充裕，保持货币信贷及社会融资规模合理增长。继续深化金融体制改革，健全货币政策和宏观审慎政策双支柱调控框架，进一步疏通货币政策传导渠道。按照深化供给侧结构性改革的要求，优化融资结构和信贷结构，努力做到金融对民营企业的支持与民营企业对经济社会发展的贡献相适应，综合施策提升金融服务实体经济能力，推动稳健货币政策、增强微观主体活力和发挥资本市场功能之间形成三角良性循环，促进国民经济整体良性循环。进一步扩大金融对外开放，增强金融业发展活力和韧性。
会议强调，要以习近平新时代中国特色社会主义思想为指导，认真贯彻落实党的十九大和中央经济工作会议精神，继续按照党中央国务院的决策部署，坚持稳中求进工作总基调，坚持稳就业、稳金融、稳外贸、稳外资、稳投资、稳预期，创新和完善宏观调控，综合运用多种货币政策工具，保持人民币汇率在合理均衡水平上的基本稳定，在利率、汇率和国际收支等之间保持平衡，促进经济平稳健康发展，稳定市场预期，打好防范化解金融风险攻坚战，守住不发生系统性金融风险的底线。
本次会议由中国人民银行行长兼货币政策委员会主席易纲主持，货币政策委员会委员丁学东、连维良、刘伟（财政部）、陈雨露、刘国强、宁吉喆、郭树清、刘士余、潘功胜、田国立、刘世锦、刘伟（中国人民大学）、马骏出席会议。中国人民银行上海总部、天津分行、西安分行负责同志列席会议。（完）",http://www.pbc.gov.cn/zhengcehuobisi/125207/3870933/3870936/3870969/index.html
2018-09-29 17:00:00,"中国人民银行货币政策委员会2018年第三季度（总第82次）例会于9月26日在北京召开。
会议分析了国内外经济金融形势。会议认为，当前我国经济保持平稳发展，经济增长保持韧性，总供求基本平衡，增长动力加快转换。内需对经济的拉动不断上升，人民币汇率及市场预期总体稳定，应对外部冲击的能力增强。稳健中性的货币政策取得了较好成效，宏观杠杆率趋于稳定，金融风险防控成效显现，金融对实体经济的支持力度较为稳固。国内经济金融领域的结构调整出现积极变化，但仍存在一些深层次问题和突出矛盾，国际经济金融形势更加错综复杂，面临更加严峻的挑战。
会议指出，要继续密切关注国际国内经济金融走势和环境的新变化，高度重视逆周期调节，加强形势预判和前瞻性预调微调。稳健的货币政策保持中性，要松紧适度，管好货币供给总闸门，保持流动性合理充裕，引导货币信贷及社会融资规模合理增长。继续深化金融体制改革，健全货币政策和宏观审慎政策双支柱调控框架，进一步疏通货币政策传导渠道。按照深化供给侧结构性改革的要求，优化融资结构和信贷结构，努力做到金融对民营企业的支持与民营企业对经济社会发展的贡献相适应，提升金融服务实体经济能力，推动形成经济金融良性循环。主动有序扩大金融对外开放，增强金融业发展活力和韧性。
会议强调，要以习近平新时代中国特色社会主义经济思想为指导，认真贯彻落实党的十九大和政府工作报告精神，继续按照党中央、国务院的决策部署，坚持稳中求进工作总基调，坚持稳就业、稳金融、稳外贸、稳外资、稳投资、稳预期，综合运用多种货币政策工具，把握好结构性去杠杆的力度和节奏，在利率、汇率和国际收支等之间保持平衡，促进经济平稳健康发展，稳定市场预期，打好防范化解金融风险攻坚战，守住不发生系统性金融风险的底线。
本次会议由中国人民银行行长兼货币政策委员会主席易纲主持，货币政策委员会委员丁学东、连维良、刘伟（财政部）、陈雨露、刘国强、宁吉喆、郭树清、刘士余、潘功胜、田国立、刘世锦、刘伟（中国人民大学）、马骏出席会议。中国人民银行上海总部、天津分行、西安分行负责同志列席会议。（完）",http://www.pbc.gov.cn/zhengcehuobisi/125207/3870933/3870936/3870972/index.html
2018-06-28 19:05:54,"中国人民银行货币政策委员会2018年第二季度（总第81次）例会于6月27日在北京召开。
会议分析了国内外经济金融形势。会议认为，当前我国经济基本面良好，经济增长保持韧性，总供求总体平衡，增长动力加快转换。内需对经济的拉动不断上升，外贸依存度显著下降，应对外部冲击的能力增强。稳健中性的货币政策取得了较好成效，结构性去杠杆稳步推进，金融风险防控成效初显，金融对实体经济的支持力度较为稳固。国内经济金融领域的结构调整出现积极变化，但仍存在一些深层次问题和突出矛盾，国际经济金融形势更加错综复杂，面临一些严峻挑战和不确定性。
会议指出，要继续密切关注国际国内经济金融走势，加强形势预判和前瞻性预调微调。稳健的货币政策保持中性，要松紧适度，管好货币供给总闸门，保持流动性合理充裕，引导货币信贷及社会融资规模合理增长。继续深化金融体制改革，健全货币政策和宏观审慎政策双支柱调控框架，疏通货币政策传导渠道。按照深化供给侧结构性改革的要求，优化融资结构和信贷结构，提升金融服务实体经济能力。主动有序扩大金融对外开放，增强金融业发展活力和韧性。
会议强调，要以习近平新时代中国特色社会主义经济思想为指导，认真贯彻落实党的十九大和政府工作报告精神，继续按照党中央、国务院的决策部署，坚持稳中求进工作总基调，综合运用多种货币政策工具，把握好结构性去杠杆的力度和节奏，促进经济平稳健康发展，稳定市场预期，打好防范化解金融风险攻坚战，守住不发生系统性金融风险的底线。
本次会议由中国人民银行行长兼货币政策委员会主席易纲主持，货币政策委员会委员连维良、刘伟（财政部）、陈雨露、刘国强、宁吉喆、郭树清、刘士余、潘功胜、田国立、刘世锦、马骏出席会议。丁学东、刘伟（中国人民大学）因公务请假。中国人民银行上海总部、天津分行、西安分行负责同志列席会议。（完）",http://www.pbc.gov.cn/zhengcehuobisi/125207/3870933/3870936/3870975/index.html
2017-12-29 17:00:00,"中国人民银行货币政策委员会2017年第四季度例会日前在北京召开。
会议分析了当前国内外经济金融形势。会议认为，当前我国经济金融运行稳中向好，但面临的形势依然错综复杂。全球经济逐步复苏，主要发达国家复苏总体延续，部分新兴经济体仍面临挑战，国际金融市场存在风险隐患。
会议强调，要坚持以习近平新时代中国特色社会主义经济思想为指导，认真贯彻落实党的十九大、中央经济工作会议、全国金融工作会议和政府工作报告精神。密切关注国际国内经济金融运行最新动向和国际资本流动的变化，坚持稳中求进工作总基调，适应经济发展新常态，实施好稳健中性的货币政策，切实管住货币供给总闸门，综合运用多种货币政策工具，保持货币信贷及社会融资规模合理增长，维护流动性合理稳定，提升金融运行效率和服务实体经济能力，有效控制宏观杠杆率。按照深化供给侧结构性改革的要求，优化融资结构和信贷结构，提高直接融资比重。继续深化金融体制改革，健全货币政策和宏观审慎政策双支柱调控框架，深化利率和汇率市场化改革，加强和完善风险管理，守住不发生系统性金融风险的底线。
本次会议由中国人民银行行长兼货币政策委员会主席周小川主持，货币政策委员会委员丁学东、连维良、史耀斌、易纲、潘功胜、张晓慧、宁吉喆、郭树清、刘士余、樊纲、黄益平、白重恩出席会议。田国立因公务请假。中国人民银行南京分行、营业管理部、重庆营业管理部负责同志列席会议。（完）",http://www.pbc.gov.cn/zhengcehuobisi/125207/3870933/3870936/3870978/index.html
2017-09-30 17:00:00,"中国人民银行货币政策委员会2017年第三季度例会日前在北京召开。
会议分析了当前国内外经济金融形势。会议认为，当前我国经济金融运行稳中向好，但面临的形势错综复杂。世界经济仍处于国际金融危机后的深度调整期。全球经济逐步复苏，主要发达国家复苏总体延续，部分新兴经济体仍面临挑战，国际金融市场依然存在风险隐患。
会议强调，要认真贯彻落实党的十八大和十八届三中、四中、五中、六中全会、中央经济工作会议、全国金融工作会议和政府工作报告精神。密切关注国际国内经济金融运行最新动向和国际资本流动的变化，坚持稳中求进工作总基调，适应经济发展新常态，实施好稳健中性的货币政策，综合运用多种货币政策工具，维护流动性基本稳定，引导货币信贷及社会融资规模合理增长。按照深化供给侧结构性改革的要求，优化融资结构和信贷结构，提高直接融资比重。继续深化金融体制改革，提升金融运行效率和服务实体经济能力，加强和完善风险管理。进一步推进利率市场化和人民币汇率形成机制改革，保持人民币汇率在合理均衡水平上的基本稳定。
本次会议由中国人民银行行长兼货币政策委员会主席周小川主持，货币政策委员会委员连维良、史耀斌、易纲、潘功胜、张晓慧、宁吉喆、郭树清、刘士余、樊纲、黄益平、白重恩出席会议。丁学东、田国立因公务请假。中国人民银行南京分行、营业管理部、重庆营业管理部负责同志列席会议。（完）",http://www.pbc.gov.cn/zhengcehuobisi/125207/3870933/3870936/3870981/index.html
2017-07-04 16:30:00,"中国人民银行货币政策委员会2017年第二季度例会日前在北京召开。
会议分析了当前国内外经济金融形势。会议认为，当前我国经济金融运行总体平稳，但面临的形势错综复杂。世界经济仍处于国际金融危机后的深度调整期。全球经济逐步复苏，主要发达国家复苏总体延续，部分新兴经济体仍面临挑战，国际金融市场依然存在风险隐患。
会议强调，要认真贯彻落实党的十八大和十八届三中、四中、五中、六中全会、中央经济工作会议和政府工作报告精神。密切关注国际国内经济金融运行最新动向和国际资本流动的变化，坚持稳中求进工作总基调，适应经济发展新常态，实施好稳健中性的货币政策，综合运用多种货币政策工具，维护流动性基本稳定，引导货币信贷及社会融资规模合理增长。按照深化供给侧结构性改革的要求，优化融资结构和信贷结构，提高直接融资比重。继续深化金融体制改革，提升金融运行效率和服务实体经济能力，加强和完善风险管理。进一步推进利率市场化和人民币汇率形成机制改革，保持人民币汇率在合理均衡水平上的基本稳定。
本次会议由中国人民银行行长兼货币政策委员会主席周小川主持，货币政策委员会委员丁学东、连维良、史耀斌、易纲、潘功胜、张晓慧、宁吉喆、郭树清、刘士余、樊纲、黄益平、白重恩出席会议, 田国立因公务请假。中国人民银行南京分行、营业管理部、重庆营业管理部负责同志列席会议。（完）",http://www.pbc.gov.cn/zhengcehuobisi/125207/3870933/3870936/3870984/index.html
2017-04-01 17:34:00,"中国人民银行货币政策委员会2017年第一季度例会日前在北京召开。
会议分析了当前国内外经济金融形势。会议认为，当前我国经济金融运行总体平稳，但形势的错综复杂不可低估。世界经济仍处于国际金融危机后的深度调整期。全球经济逐步复苏，主要发达国家复苏步伐有所加快，部分新兴经济体仍面临挑战，国际金融市场存在较多风险隐患。
会议强调，要认真贯彻落实党的十八大和十八届三中、四中、五中、六中全会、中央经济工作会议和政府工作报告精神。密切关注国际国内经济金融运行最新动向和国际资本流动的变化，坚持稳中求进工作总基调，适应经济发展新常态，实施好稳健中性的货币政策，综合运用多种货币政策工具，维护流动性基本稳定，引导货币信贷及社会融资规模合理增长。按照深化供给侧结构性改革的要求，改善和优化融资结构和信贷结构，提高直接融资比重。继续深化金融体制改革，增强金融运行效率和服务实体经济能力，加强和完善风险管理。进一步推进利率市场化和人民币汇率形成机制改革，保持人民币汇率在合理均衡水平上的基本稳定。
本次会议由中国人民银行行长兼货币政策委员会主席周小川主持，货币政策委员会委员连维良、易纲、潘功胜、张晓慧、宁吉喆、郭树清、刘士余、项俊波、樊纲、黄益平、白重恩出席会议，丁学东、史耀斌、田国立因公务请假。中国人民银行营业管理部、重庆营业管理部负责同志列席会议。（完）",http://www.pbc.gov.cn/zhengcehuobisi/125207/3870933/3870936/3870987/index.html
2016-12-30 17:00:00,"中国人民银行货币政策委员会2016年第四季度例会日前在北京召开。
会议分析了当前国内外经济金融形势。会议认为，当前我国经济金融运行总体平稳，但形势的错综复杂不可低估。世界经济仍处于国际金融危机后的深度调整期。主要经济体经济走势分化，美国经济复苏有所加快，欧元区复苏基础尚待巩固，日本经济低迷，部分新兴经济体实体经济面临更多挑战。国际金融市场风险隐患增多。
会议强调，要认真贯彻落实党的十八大和十八届三中、四中、五中、六中全会、中央经济工作会议和党中央、国务院关于2017年经济工作的部署。密切关注国际国内经济金融最新动向和国际资本流动的变化，坚持稳中求进工作总基调，适应经济发展新常态，继续实施稳健的货币政策，更加注重松紧适度保持中性，灵活运用多种货币政策工具，维护流动性基本稳定，实现货币信贷及社会融资规模合理增长。改善和优化融资结构和信贷结构。提高直接融资比重。按照加强供给侧结构性改革的要求，继续深化金融体制改革，增强金融运行效率和服务实体经济能力，加强和完善风险管理。进一步推进利率市场化和人民币汇率形成机制改革，保持人民币汇率在合理均衡水平上的基本稳定。
本次会议由中国人民银行行长兼货币政策委员会主席周小川主持，货币政策委员会委员连维良、史耀斌、易纲、张晓慧、宁吉喆、尚福林、刘士余、项俊波、田国立、樊纲、黄益平、白重恩出席会议，肖捷、潘功胜因公务请假。中国人民银行沈阳分行、济南分行、武汉分行负责同志列席会议。（完）",http://www.pbc.gov.cn/zhengcehuobisi/125207/3870933/3870936/3870990/index.html
2016-09-30 17:00:00,"中国人民银行货币政策委员会2016年第三季度例会日前在北京召开。
会议分析了当前国内外经济金融形势。会议认为，当前我国经济金融运行总体平稳，但形势的错综复杂不可低估。世界经济仍处于国际金融危机后的深度调整期。主要经济体经济走势分化，美国经济温和复苏，欧元区复苏基础尚待巩固，日本经济低迷，部分新兴经济体实体经济有所改善。国际金融市场风险隐患增多。
会议强调，要认真贯彻落实党的十八大和十八届三中、四中、五中全会、中央经济工作会议和党中央、国务院关于下半年经济工作的部署。密切关注国际国内经济金融最新动向和国际资本流动的变化，坚持稳中求进工作总基调，适应经济发展新常态，继续实施稳健的货币政策，更加注重松紧适度，灵活运用多种货币政策工具，保持适度流动性，实现货币信贷及社会融资规模合理增长。改善和优化融资结构和信贷结构。提高直接融资比重，降低社会融资成本。按照加强供给侧结构性改革的要求，继续深化金融体制改革，增强金融运行效率和服务实体经济能力，加强和完善风险管理。进一步推进利率市场化和人民币汇率形成机制改革，保持人民币汇率在合理均衡水平上的基本稳定。
本次会议由中国人民银行行长兼货币政策委员会主席周小川主持，货币政策委员会委员连维良、史耀斌、易纲、潘功胜、张晓慧、宁吉喆、尚福林、项俊波、田国立、黄益平、白重恩出席会议，肖捷、刘士余、樊纲因公务请假。中国人民银行沈阳分行、济南分行负责同志列席会议。（完）",http://www.pbc.gov.cn/goutongjiaoliu/113456/113469/3153765/index.html
2016-07-04 18:50:00,"中国人民银行货币政策委员会2016年第二季度例会日前在北京召开。
会议分析了当前国内外经济金融形势。会议认为，当前我国经济金融运行总体平稳，但形势的错综复杂不可低估。世界经济仍处于国际金融危机后的深度调整期。主要经济体经济走势进一步分化，美国经济温和复苏，欧元区复苏基础尚待巩固，英国公投决定退欧引发市场波动，日本经济低迷，部分新兴经济体实体经济面临较多困难。国际金融市场风险隐患增多。
会议强调，要认真贯彻落实党的十八大和十八届三中、四中、五中全会、中央经济工作会议和全国“两会”精神。密切关注国际国内经济金融最新动向和国际资本流动的变化，坚持稳中求进工作总基调，适应经济发展新常态，继续实施稳健的货币政策，更加注重松紧适度，灵活运用多种货币政策工具，保持适度流动性，实现货币信贷及社会融资规模合理增长。改善和优化融资结构和信贷结构。提高直接融资比重，降低社会融资成本。按照加强供给侧结构性改革的要求，继续深化金融体制改革，增强金融运行效率和服务实体经济能力，加强和完善风险管理。进一步推进利率市场化和人民币汇率形成机制改革，保持人民币汇率在合理均衡水平上的基本稳定。
本次会议由中国人民银行行长兼货币政策委员会主席周小川主持，货币政策委员会委员连维良、史耀斌、易纲、潘功胜、张晓慧、宁吉喆、尚福林、刘士余、项俊波、田国立、樊纲、黄益平、白重恩出席会议，肖捷因公务请假。中国人民银行沈阳分行、济南分行和武汉分行负责同志列席会议。（完）",http://www.pbc.gov.cn/goutongjiaoliu/113456/113469/3095700/index.html
2016-04-01 16:00:10,"中国人民银行货币政策委员会2016年第一季度例会日前在北京召开。
会议分析了当前国内外经济金融形势。会议认为，当前我国经济金融运行总体平稳，但形势的错综复杂不可低估。世界经济仍处于国际金融危机后的深度调整期。主要经济体经济走势进一步分化，美国积极迹象继续增多，欧元区复苏基础尚待巩固，日本经济低迷，部分新兴经济体实体经济面临较多困难。国际金融市场风险隐患增多。
会议强调，要认真贯彻落实党的十八大、十八届三中、四中、五中全会、中央经济工作会议和全国“两会”精神。密切关注国际国内经济金融最新动向和国际资本流动的变化，坚持稳中求进工作总基调，适应经济发展新常态，继续实施稳健的货币政策，更加注重松紧适度，灵活运用多种货币政策工具，保持适度流动性，实现货币信贷及社会融资规模合理增长。改善和优化融资结构和信贷结构。提高直接融资比重，降低社会融资成本。继续深化金融体制改革，加强供给侧结构性改革，增强金融运行效率和服务实体经济能力，加强和完善风险管理。进一步推进利率市场化和人民币汇率形成机制改革，保持人民币汇率在合理均衡水平上的基本稳定。
本次会议由中国人民银行行长兼货币政策委员会主席周小川主持，货币政策委员会委员肖捷、连维良、史耀斌、易纲、张晓慧、宁吉喆、尚福林、刘士余、项俊波、樊纲、黄益平、白重恩出席会议，潘功胜、田国立因公务请假。中国人民银行沈阳分行、济南分行和武汉分行负责同志列席会议。（完）",http://www.pbc.gov.cn/goutongjiaoliu/113456/113469/3042721/index.html
2015-12-28 16:59:00,"中国人民银行货币政策委员会2015年第四季度例会日前在北京召开。
会议分析了当前国内外经济金融形势。会议认为，当前我国经济金融运行总体平稳，但形势的错综复杂不可低估。世界经济仍处于国际金融危机后的深度调整期。主要经济体经济走势进一步分化，美国积极迹象继续增多，欧元区复苏基础尚待巩固，日本经济温和复苏但仍面临通缩风险，部分新兴经济体实体经济面临较多困难。国际金融市场风险隐患增多。
会议强调，要认真贯彻落实党的十八大、十八届三中、四中、五中全会和中央经济工作会议精神。密切关注国际国内经济金融最新动向和国际资本流动的变化，坚持稳中求进、改革创新，继续实施稳健的货币政策，更加注重松紧适度，灵活运用多种货币政策工具，保持适度流动性，实现货币信贷及社会融资规模合理增长。改善和优化融资结构和信贷结构。提高直接融资比重，降低社会融资成本。继续深化金融体制改革，增强金融运行效率和服务实体经济能力，切实加强和完善风险管理。进一步推进利率市场化和人民币汇率形成机制改革，保持人民币汇率在合理均衡水平上的基本稳定。
本次会议由中国人民银行行长兼货币政策委员会主席周小川主持，货币政策委员会委员肖捷、连维良、史耀斌、易纲、潘功胜、张晓慧、尚福林、肖钢、项俊波、田国立、樊纲、黄益平、白重恩出席会议。王保安因公务请假。中国人民银行广州分行和成都分行负责同志列席会议。（完）",http://www.pbc.gov.cn/goutongjiaoliu/113456/113469/2996192/index.html
2015-09-25 17:00:00,"中国人民银行货币政策委员会2015年第三季度例会日前在北京召开。
会议分析了当前国内外经济金融形势。会议认为，当前我国经济金融运行总体平稳，但形势的错综复杂不可低估。世界经济仍处于国际金融危机后的深度调整期。主要经济体经济走势进一步分化，美国积极迹象继续增多，欧元区复苏基础尚待巩固，日本经济温和复苏但仍面临通缩风险，部分新兴经济体实体经济面临较多困难。国际金融市场和大宗商品价格波动性上升，跨市场、跨地区相互影响，风险隐患增多。
会议强调，要认真贯彻落实党的十八大、十八届三中、四中全会和中央经济工作会议精神。密切关注国际国内经济金融最新动向和国际资本流动的变化，坚持稳中求进、改革创新，继续实施稳健的货币政策，更加注重松紧适度，灵活运用多种货币政策工具，保持适度流动性，实现货币信贷及社会融资规模合理增长。改善和优化融资结构和信贷结构。提高直接融资比重，降低社会融资成本。继续深化金融体制改革，增强金融运行效率和服务实体经济能力，加强和完善风险管理。进一步推进利率市场化和人民币汇率形成机制改革，保持人民币汇率在合理均衡水平上的基本稳定。
本次会议由中国人民银行行长兼货币政策委员会主席周小川主持，货币政策委员会委员连维良、史耀斌、易纲、潘功胜、张晓慧、王保安、尚福林、肖钢、项俊波、樊纲、黄益平、白重恩出席会议。肖捷、田国立因公务请假。中国人民银行广州分行和西安分行负责同志列席会议。（完）",http://www.pbc.gov.cn/goutongjiaoliu/113456/113469/2958074/index.html
2015-07-14 17:12:42,"中国人民银行货币政策委员会2015年第二季度例会日前在北京召开。
会议分析了当前国内外经济金融形势。会议认为，当前我国经济金融运行总体平稳，但形势的错综复杂不可低估。世界经济仍处于国际金融危机后的深度调整期。主要经济体经济走势进一步分化，美国积极迹象继续增多，欧、日经济温和复苏但仍面临通缩风险，部分新兴经济体实体经济面临较多困难。
会议强调，要认真贯彻落实党的十八大、十八届三中、四中全会和中央经济工作会议精神。密切关注国际国内经济金融最新动向和国际资本流动的变化，坚持稳中求进、改革创新，继续实施稳健的货币政策，更加注重松紧适度，灵活运用多种货币政策工具，保持适度流动性，实现货币信贷及社会融资规模合理增长。改善和优化融资结构和信贷结构。提高直接融资比重，降低社会融资成本。继续深化金融体制改革，增强金融运行效率和服务实体经济能力。进一步推进利率市场化和人民币汇率形成机制改革，保持人民币汇率在合理均衡水平上的基本稳定。
本次会议由中国人民银行行长兼货币政策委员会主席周小川主持，货币政策委员会委员肖捷、连维良、史耀斌、易纲、潘功胜、张晓慧、王保安、尚福林、肖钢、项俊波、田国立、樊纲、黄益平、白重恩出席会议。中国人民银行成都分行和西安分行负责同志列席会议。（完）",http://www.pbc.gov.cn/goutongjiaoliu/113456/113469/2813732/index.html
2015-04-03 17:02:52,"中国人民银行货币政策委员会2015年第一季度例会日前在北京召开。
会议分析了当前国内外经济金融形势。会议认为，当前我国经济金融运行总体平稳，但形势的错综复杂不可低估。世界经济仍处于国际金融危机后的深度调整期。主要经济体经济走势进一步分化，美国积极迹象继续增多，欧元区仍面临通缩风险，部分新兴经济体实体经济面临较多困难。国际大宗商品价格波动、地缘政治博弈等非经济因素对全球经济和国际金融市场的影响加大。
会议强调，要认真贯彻落实党的十八大、十八届三中、四中全会和中央经济工作会议精神。密切关注国际国内经济金融最新动向和国际资本流动的变化，坚持稳中求进、改革创新，继续实施稳健的货币政策，更加注重松紧适度，灵活运用多种货币政策工具，保持适度流动性，实现货币信贷及社会融资规模合理增长。改善和优化融资结构和信贷结构。提高直接融资比重，降低社会融资成本。继续深化金融体制改革，增强金融运行效率和服务实体经济能力。进一步推进利率市场化和人民币汇率形成机制改革，保持人民币汇率在合理均衡水平上的基本稳定。
本次会议由中国人民银行行长兼货币政策委员会主席周小川主持，货币政策委员会委员王保安、胡晓炼、易纲、潘功胜、马建堂、尚福林、肖钢、项俊波、胡怀邦、钱颖一、宋国青出席会议，肖捷、朱之鑫、陈雨露因公务请假。中国人民银行成都分行和西安分行负责同志列席会议。（完）",http://www.pbc.gov.cn/goutongjiaoliu/113456/113469/2811454/index.html
2014-12-31 16:01:06,"中国人民银行货币政策委员会2014年第四季度例会日前在北京召开。
会议分析了当前国内外经济金融形势。会议认为，当前我国经济运行仍处在合理区间，金融运行总体平稳，经济结构调整出现积极变化，但形势的错综复杂不可低估。世界经济仍处于国际金融危机后的深度调整期，美国积极迹象较多，欧元区面临通缩风险，部分新兴经济体实体经济仍面临较多困难。国际大宗商品价格波动等因素对全球经济和国际金融市场的影响加大。
会议强调，要认真贯彻落实党的十八大、十八届三中全会和中央经济工作会议精神。密切关注国际国内经济金融最新动向和国际资本流动的变化，坚持稳中求进、改革创新，继续实施稳健的货币政策，更加注重松紧适度，灵活运用多种货币政策工具，保持适度流动性，实现货币信贷及社会融资规模合理增长。改善和优化融资结构和信贷结构。继续深化金融体制改革，增强金融运行效率和服务实体经济能力。进一步推进利率市场化和人民币汇率形成机制改革，保持人民币汇率在合理均衡水平上的基本稳定。
本次会议由中国人民银行行长兼货币政策委员会主席周小川主持，货币政策委员会委员朱之鑫、王保安、胡晓炼、易纲、潘功胜、尚福林、肖钢、项俊波、胡怀邦、钱颖一、陈雨露、宋国青出席会议。肖捷、马建堂因公请假。中国人民银行上海总部、武汉分行和重庆营业管理部负责同志列席会议。（完）",http://www.pbc.gov.cn/goutongjiaoliu/113456/113469/2809940/index.html
2014-10-05 12:36:56,"中国人民银行货币政策委员会2014年第三季度例会日前在北京召开。
会议分析了当前国内外经济金融形势。会议认为，当前我国经济运行仍处在合理区间，金融运行总体平稳，物价基本稳定，但形势的错综复杂不可低估。国际经济形势和主要经济体货币政策出现分化，美国经济的积极迹象较多，欧元区再次加大货币政策宽松力度，部分新兴经济体实体经济仍面临较多困难。
会议强调，要认真贯彻落实党的十八大、十八届三中全会和中央经济工作会议精神。密切关注国际国内经济金融最新动向和国际资本流动的变化，坚持稳中求进、改革创新，继续实施稳健的货币政策，灵活运用多种货币政策工具，保持适度流动性，实现货币信贷及社会融资规模合理增长。改善和优化融资结构和信贷结构。继续深化金融体制改革，增强金融运行效率和服务实体经济能力。进一步推进利率市场化和人民币汇率形成机制改革，保持人民币汇率在合理均衡水平上的基本稳定。
本次会议由中国人民银行行长兼货币政策委员会主席周小川主持，货币政策委员会委员肖捷、朱之鑫、王保安、胡晓炼、易纲、潘功胜、尚福林、肖钢、项俊波、钱颖一、陈雨露、宋国青出席会议。马建堂、胡怀邦因公请假。中国人民银行上海总部、武汉分行和重庆营业管理部负责同志列席了会议。（完）",http://www.pbc.gov.cn/goutongjiaoliu/113456/113469/2890602/index.html
2014-07-07 15:01:02,"中国人民银行货币政策委员会2014年第二季度例会日前在北京召开。
会议分析了当前国内外经济金融形势。会议认为，当前我国经济运行仍处在合理区间，金融运行总体平稳，物价基本稳定。经济金融结构开始出现积极变化，但所面临的形势依然错综复杂，有利条件和不利因素并存。国际经济形势和主要经济体货币政策出现分化，发达经济体积极迹象增多，部分新兴经济体增速持续放缓。
会议强调，要认真贯彻落实党的十八大、十八届三中全会和中央经济工作会议精神。密切关注国际国内经济金融最新动向和国际资本流动的变化，坚持稳中求进、改革创新，继续实施稳健的货币政策，灵活运用多种货币政策工具，保持适度流动性，实现货币信贷及社会融资规模合理增长。改善和优化融资结构和信贷结构。继续深化金融体制改革，增强金融运行效率和服务实体经济能力。进一步推进利率市场化和人民币汇率形成机制改革，保持人民币汇率在合理均衡水平上的基本稳定。
本次会议由中国人民银行行长兼货币政策委员会主席周小川主持，货币政策委员会委员朱之鑫、王保安、胡晓炼、易纲、潘功胜、尚福林、肖钢、项俊波、胡怀邦、钱颖一、陈雨露、宋国青出席会议。肖捷、马建堂因公务请假。中国人民银行上海总部、武汉分行负责同志列席了会议。（完）",http://www.pbc.gov.cn/goutongjiaoliu/113456/113469/2807254/index.html
2014-04-03 17:12:52,"中国人民银行货币政策委员会2014年第一季度例会日前在北京召开。
会议分析了当前国内外经济金融形势。会议认为，当前我国经济运行仍处在合理区间，金融运行总体平稳，物价基本稳定，但所面临的形势依然错综复杂，有利条件和不利因素并存。国际经济形势出现分化，美欧等发达经济体积极迹象增多，部分新兴经济体增速持续放缓。
会议强调，要认真贯彻落实党的十八大、十八届三中全会和中央经济工作会议精神。密切关注国际国内经济金融最新动向和国际资本流动的变化，坚持稳中求进、改革创新，继续实施稳健的货币政策，保持适度流动性，实现货币信贷及社会融资规模合理增长。改善和优化融资结构和信贷结构。继续深化金融体制改革，增强金融运行效率和服务实体经济能力。进一步推进利率市场化和人民币汇率形成机制改革，保持人民币汇率在合理均衡水平上的基本稳定。
本次会议由中国人民银行行长兼货币政策委员会主席周小川主持，货币政策委员会委员肖捷、朱之鑫、王保安、胡晓炼、易纲、潘功胜、马建堂、尚福林、肖钢、项俊波、胡怀邦、钱颖一、宋国青出席会议。陈雨露因公务请假。中国人民银行上海总部、武汉分行和重庆营业管理部负责同志列席了会议。（完）",http://www.pbc.gov.cn/goutongjiaoliu/113456/113469/2806101/index.html
2013-12-31 12:00:36,"中国人民银行货币政策委员会2013年第四季度例会日前在北京召开。
会议分析了当前国内外经济金融形势。会议认为，当前我国经济金融运行总体平稳，物价形势基本稳定，但也面临不少困难和挑战；全球经济仍将延续缓慢复苏态势，但也存在不稳定不确定因素。
会议强调，要认真贯彻落实党的十八大、十八届三中全会和中央经济工作会议精神。密切关注国际国内经济金融最新动向和国际资本流动的变化，坚持稳中求进、改革创新，继续实施稳健的货币政策，保持适度流动性，实现货币信贷及社会融资规模合理增长，改善和优化融资结构和信贷结构。同时寓改革于调控之中，增强金融运行效率和服务实体经济能力。进一步推进利率市场化和人民币汇率形成机制改革，保持人民币汇率在合理均衡水平上的基本稳定。
本次会议由中国人民银行行长兼货币政策委员会主席周小川主持，货币政策委员会委员肖捷、朱之鑫、王保安、胡晓炼、易纲、潘功胜、尚福林、肖钢、项俊波、胡怀邦、钱颖一、陈雨露、宋国青出席会议。马建堂因公务请假。中国人民银行营业管理部、天津分行和南京分行负责同志列席了会议。（完）",http://www.pbc.gov.cn/goutongjiaoliu/113456/113469/2804797/index.html
2013-09-29 18:01:58,"中国人民银行货币政策委员会2013年第三季度例会日前在北京召开。
会议分析了当前国内外经济金融形势。会议认为，当前我国经济金融运行总体平稳，物价形势基本稳定，但也面临不少困难和挑战；全球经济有所好转，但形势依然错综复杂。
会议强调，要认真贯彻落实党的十八大、中央经济工作会议和国务院常务会议精神，密切关注国际国内经济金融最新动向和国际资本流动的变化，按照保持宏观经济政策稳定性、连续性的总体要求，在继续实施稳健的货币政策的同时，着力增强政策的针对性、协调性，适时适度进行预调微调，把握好稳增长、调结构、促改革、防风险的平衡点，优化金融资源配置，用好增量、盘活存量，为经济结构调整与转型升级创造稳定的金融环境和货币条件，更好地服务实体经济发展。进一步推进利率市场化改革，更大程度发挥市场机制在资源配置中的基础性作用。继续推进人民币汇率形成机制改革，保持人民币汇率在合理均衡水平上的基本稳定。
本次会议由中国人民银行行长兼货币政策委员会主席周小川主持，货币政策委员会委员肖捷、王保安、胡晓炼、易纲、潘功胜、尚福林、肖钢、项俊波、胡怀邦、钱颖一、陈雨露、宋国青出席会议，朱之鑫、马建堂因公务请假。中国人民银行天津分行和南京分行负责同志列席了会议。（完）",http://www.pbc.gov.cn/goutongjiaoliu/113456/113469/2870163/index.html
2013-06-23 17:01:11,"中国人民银行货币政策委员会2013年第二季度例会日前在北京召开。
会议分析了当前国内外经济金融形势。会议认为，当前我国经济金融运行总体平稳，物价形势基本稳定，但也面临不少困难和挑战；全球经济有所好转，但形势依然错综复杂。
会议强调，要认真贯彻落实党的十八大、中央经济工作会议和国务院常务会议精神，密切关注国际国内经济金融最新动向和国际资本流动的变化，继续实施稳健的货币政策，并着力增强政策的前瞻性、针对性和灵活性，适时适度进行预调微调。健全宏观审慎政策框架，综合运用多种货币政策工具，加强和改善流动性管理，引导货币信贷和社会融资规模平稳适度增长。在保持宏观经济政策稳定性、连续性的同时，优化金融资源配置，用好增量、盘活存量，更有力地支持经济结构调整和转型升级，更好地服务实体经济发展，更扎实地做好金融风险防范。进一步推进利率市场化改革，更大程度发挥市场机制在资源配置中的基础性作用。继续推进人民币汇率形成机制改革，保持人民币汇率在合理均衡水平上的基本稳定。
本次会议由中国人民银行行长兼货币政策委员会主席周小川主持，货币政策委员会委员李勇、易纲、尚福林、项俊波、姜建清、钱颖一、陈雨露、宋国青出席会议，尤权、朱之鑫、胡晓炼、杜金富、马建堂、郭树清因公务请假。中国人民银行营业管理部、天津分行和南京分行负责同志列席了会议。（完）",http://www.pbc.gov.cn/goutongjiaoliu/113456/113469/2868052/index.html
2013-04-03 16:09:23,"中国人民银行货币政策委员会2013年第一季度例会日前在北京召开。
会议分析了当前国内外经济金融形势。会议认为，当前我国经济金融运行总体保持了稳定增长态势,物价形势基本稳定，但未来走势仍存在一定不确定性；全球经济有所好转，但形势依然错综复杂。
会议强调，要认真贯彻落实党的十八大和中央经济工作会议精神，密切关注国际国内经济金融最新动向和国际资本流动的变化，继续实施稳健的货币政策，保持政策连续性和稳定性，增强前瞻性、针对性和灵活性，处理好稳增长、调结构、控通胀、防风险的关系，维持货币环境的稳定。健全宏观审慎政策框架，综合运用多种货币政策工具，加强和改善流动性管理，引导货币信贷和社会融资规模平稳适度增长。优化金融资源配置，有效缓解信贷资金供求结构性矛盾，防范金融风险，着力改进对实体经济的金融服务，继续发挥直接融资的作用，更好地满足多样化投融资需求，推动金融市场规范发展。进一步推进利率市场化和人民币汇率形成机制改革，保持人民币汇率在合理均衡水平上的基本稳定。
本次会议由中国人民银行行长兼货币政策委员会主席周小川主持，货币政策委员会委员朱之鑫、胡晓炼、易纲、尚福林、项俊波、钱颖一、陈雨露、宋国青出席会议，尤权、李勇、杜金富、马建堂、郭树清、姜建清因公务请假。中国人民银行营业管理部、天津分行和南京分行负责同志列席了会议。（完）",http://www.pbc.gov.cn/goutongjiaoliu/113456/113469/2866569/index.html
2012-12-28 16:00:00,"中国人民银行货币政策委员会2012年第四季度例会日前在北京召开。
会议分析了当前国内外经济金融形势。会议认为，当前我国经济金融运行总体平稳,积极因素进一步增多，物价形势基本稳定，全球经济仍较为疲弱，不确定性依然存在。
会议强调，要认真贯彻落实党的十八大和中央经济工作会议精神，密切关注国际国内经济金融最新动向和国际资本流动的变化，继续实施稳健的货币政策，处理好稳增长、调结构、控通胀、防风险的关系。综合运用多种货币政策工具，引导货币信贷和社会融资规模平稳适度增长。优化金融资源配置，有效解决信贷资金供求结构性矛盾，防范金融风险，着力改进对实体经济的金融服务，继续发挥直接融资的作用，更好地满足多样化投融资需求，推动金融市场规范发展。稳步推进利率市场化和人民币汇率形成机制等改革，保持人民币汇率在合理均衡水平上的基本稳定。
本次会议由中国人民银行行长兼货币政策委员会主席周小川主持，货币政策委员会委员李勇、胡晓炼、易纲、尚福林、郭树清、项俊波、姜建清、钱颖一、陈雨露、宋国青出席了会议，尤权、朱之鑫、杜金富、马建堂因公务请假。中国人民银行沈阳分行、成都分行和西安分行负责同志列席了会议。（完）",http://www.pbc.gov.cn/goutongjiaoliu/113456/113469/2865146/index.html
2012-09-25 17:00:00,"中国人民银行货币政策委员会2012年第三季度例会日前在北京召开。
会议分析了当前国内外经济金融形势。会议认为，当前我国经济金融运行呈现缓中趋稳态势,物价形势基本稳定,全球经济仍较为疲弱，近期欧美新的救助和刺激措施的影响需密切关注。
会议强调，要密切关注国际国内经济金融最新动向及其影响，继续实施稳健的货币政策，着力提高政策的针对性、灵活性和前瞻性，根据形势变化适时适度进行预调微调，正确处理保持经济平稳较快发展、调整经济结构和管理通胀预期三者的关系。综合运用多种货币政策工具，引导货币信贷平稳适度增长，保持合理的社会融资规模。优化金融资源配置，有效解决信贷资金供求结构性矛盾，防范金融风险，提高金融服务水平，更好地支持实体经济，促进国民经济平稳较快发展。继续发挥直接融资的作用，更好地满足多样化投融资需求，推动金融市场规范发展。稳步推进利率市场化改革，完善人民币汇率形成机制，增强人民币汇率双向浮动弹性，保持人民币汇率在合理均衡水平上的基本稳定。 
本次会议由中国人民银行行长兼货币政策委员会主席周小川主持，货币政策委员会委员尤权、朱之鑫、李勇、易纲、尚福林、郭树清、项俊波、姜建清、钱颖一、陈雨露、宋国青出席了会议，胡晓炼、杜金富、马建堂因公务请假。中国人民银行沈阳分行、成都分行和西安分行负责同志列席了会议。（完）",http://www.pbc.gov.cn/goutongjiaoliu/113456/113469/2863640/index.html
2012-06-29 17:00:00,"中国人民银行货币政策委员会2012年第二季度例会日前在北京召开。
会议分析了当前国内外经济金融形势。会议认为，当前我国经济金融运行总体平稳，经济增长处于目标区间，物价涨幅继续回落；全球经济复苏艰难曲折，欧债危机反复震荡，不确定性较大。
会议强调，要密切关注国际国内经济金融最新动向及其影响，继续实施稳健的货币政策，进一步增强政策的针对性、灵活性和前瞻性，根据形势变化适时适度进行预调微调，正确处理保持经济平稳较快发展、调整经济结构和管理通胀预期三者的关系。综合运用多种货币政策工具，引导货币信贷平稳适度增长，保持合理的社会融资规模。引导金融机构进一步优化信贷结构，防范金融风险，提高金融服务水平，更好地支持实体经济，促进国民经济平稳较快发展。继续发挥直接融资的作用，更好地满足多样化投融资需求，推动金融市场规范发展。稳步推进利率市场化改革，完善人民币汇率形成机制，增强人民币汇率双向浮动弹性，保持人民币汇率在合理均衡水平上的基本稳定。 
本次会议由中国人民银行行长兼货币政策委员会主席周小川主持，货币政策委员会委员尤权、李勇、胡晓炼、易纲、尚福林、郭树清、项俊波、姜建清、钱颖一、陈雨露、宋国青出席了会议，朱之鑫、杜金富、马建堂因公务请假。中国人民银行沈阳分行、成都分行和西安分行负责同志列席了会议。(完)",http://www.pbc.gov.cn/goutongjiaoliu/113456/113469/2880099/index.html
2012-03-31 17:00:00,"中国人民银行货币政策委员会2012年第一季度例会日前在北京召开。
会议分析了当前国内外经济金融形势。会议认为，当前我国经济金融运行总体符合宏观调控预期，经济增长平稳，物价有所回落；欧债危机有所缓解，全球经济温和复苏，但不确定性依然存在。
会议强调，要密切关注国际国内经济金融最新动向及其影响，继续实施稳健的货币政策，进一步增强政策的针对性、灵活性和前瞻性，按照总量适度、审慎灵活的要求，兼顾促进经济平稳较快发展、保持物价稳定和防范金融风险。综合运用多种货币政策工具，引导货币信贷平稳适度增长，保持合理的社会融资规模。着力引导和促进信贷结构优化，加大对社会经济重点领域和薄弱环节的支持力度。引导金融机构提高金融服务水平，更好地支持实体经济发展。要继续发挥直接融资的作用，更好地满足多样化投融资需求，推动金融市场规范发展。稳步推进利率市场化改革，积极探索进一步推进利率市场化的有效途径。进一步完善人民币汇率形成机制，增强人民币汇率双向浮动弹性，保持人民币汇率在合理均衡水平上的基本稳定。
本次会议由中国人民银行行长兼货币政策委员会主席周小川主持，货币政策委员会委员尤权、李勇、胡晓炼、易纲、杜金富、尚福林、郭树清、项俊波、姜建清、钱颖一、陈雨露、宋国青出席了会议，朱之鑫、马建堂因公务请假。中国人民银行沈阳分行、成都分行和西安分行负责同志列席了会议。（完）",http://www.pbc.gov.cn/goutongjiaoliu/113456/113469/2859368/index.html
2011-12-31 16:00:46,"中国人民银行货币政策委员会2011年第四季度例会日前在北京召开。
会议分析了当前国内外经济金融形势。会议认为，当前我国经济金融运行继续朝着宏观调控预期方向发展，经济增长和物价总体趋稳,国际收支趋向平衡；受欧债危机等影响，世界经济增长乏力，不稳定性不确定性上升，宏观经济面临的国内外形势较为复杂。
会议强调，要密切关注国际国内经济金融最新动向及其影响，继续实施稳健的货币政策，保持政策的连续性和稳定性，进一步增强政策的针对性、灵活性和前瞻性，把握好调控的力度、节奏和重点，根据形势变化适时适度进行预调微调，处理好保持经济平稳较快发展、调整经济结构和管理通胀预期之间的关系，加强系统性风险防范。综合运用多种货币政策工具，继续发挥宏观审慎政策措施的逆周期调节功能，保持合理的货币信贷总量和社会融资总规模。按照有扶有控的原则，着力引导和促进信贷结构优化，加大对社会经济重点领域和薄弱环节的支持力度，引导金融机构提高金融服务水平，更好地支持实体经济发展。要继续发挥直接融资的作用，更好地满足多样化投融资需求，推动金融市场规范发展。稳步推进利率市场化改革，进一步完善人民币汇率形成机制，保持人民币汇率在合理均衡水平上的基本稳定。
本次会议由中国人民银行行长兼货币政策委员会主席周小川主持，货币政策委员会委员李勇、胡晓炼、易纲、杜金富、马建堂、尚福林、郭树清、项俊波、姜建清、周其仁、夏斌、李稻葵出席了会议，尤权、朱之鑫因公务请假。中国人民银行济南分行、广州分行和重庆营业管理部负责同志列席了会议。（完）",http://www.pbc.gov.cn/goutongjiaoliu/113456/113469/2857000/index.html
2011-09-30 17:30:26,"日前，中国人民银行货币政策委员会2011年第三季度例会在北京召开。
会议分析了当前国内外经济金融形势。会议认为，当前我国经济金融运行正向宏观调控的预期方向发展，但经济金融发展面临的形势依然复杂，世界经济继续缓慢复苏，但面临的风险因素仍然较多；我国经济继续平稳较快发展，通胀压力有所缓解但仍处在高位。
会议强调，要密切关注国际国内经济金融最新动向及其影响，继续实施好稳健的货币政策，把稳定物价总水平作为宏观调控的首要任务，增强调控的针对性、有效性和前瞻性，注意把握好政策的节奏和力度。要综合运用多种货币政策工具，健全宏观审慎政策框架，有效管理流动性，保持合理的社会融资规模和货币总量。要着力优化信贷结构，推动产业结构进一步调整，引导金融机构提高金融服务水平，加大对结构调整的信贷支持。要继续发挥直接融资的作用，更好地满足多样化投融资需求。进一步完善人民币汇率形成机制，保持人民币汇率在合理均衡水平的基本稳定。
本次会议由中国人民银行行长兼货币政策委员会主席周小川主持，货币政策委员会委员尤权、李勇、易纲、杜金富、刘明康、尚福林、吴定富、姜建清、周其仁、夏斌、李稻葵出席了会议，朱之鑫、胡晓炼、马建堂因公务请假。中国人民银行济南分行、广州分行和重庆营业管理部负责同志列席了会议。(完)",http://www.pbc.gov.cn/goutongjiaoliu/113456/113469/2890009/index.html
2011-07-04 17:33:14,"中国人民银行货币政策委员会2011年第二季度例会日前在北京召开。
会议分析了当前国内外经济金融形势。会议认为，当前我国经济金融运行正向宏观调控预定的方向发展，但经济金融发展面临的形势依然复杂，世界经济继续缓慢复苏，但面临的风险因素仍然较多；我国经济继续平稳较快发展，但通胀压力仍然处在高位。
会议强调，要密切关注国际国内经济金融最新动向及其影响，贯彻实施稳健货币政策，注意把握政策的稳定性、针对性和灵活性，把握好政策节奏和力度。要综合运用多种货币政策工具，健全宏观审慎政策框架，有效管理流动性，保持合理的社会融资规模和货币总量。要着力优化信贷结构，引导商业银行加大对重点领域和薄弱环节的信贷支持，特别是对“三农”、中小企业的信贷支持。要继续发挥直接融资的作用，更好地满足多样化投融资需求。进一步完善人民币汇率形成机制，保持人民币汇率在合理均衡水平的基本稳定。
本次会议由中国人民银行行长兼货币政策委员会主席周小川主持，货币政策委员会委员李勇、胡晓炼、易纲、杜金富、刘明康、尚福林、吴定富、姜建清、周其仁、夏斌、李稻葵出席会议，尤权、朱之鑫、马建堂因公务请假。中国人民银行济南分行负责同志列席了会议。（完）",http://www.pbc.gov.cn/goutongjiaoliu/113456/113469/2852887/index.html
2011-03-28 15:58:09,"中国人民银行货币政策委员会

                 2011
                 年第一季度例会日前在北京召开。

会议分析了当前国内外经济金融形势。会议认为，当前我国货币信贷形势正向宏观调控的方向发展，但经济金融面临的环境依然复杂，世界经济继续缓慢复苏，但复苏的基础仍不够牢固，我国经济继续保持平稳较快发展，但发展中的问题依然突出。
会议强调，要密切关注国际国内经济金融最新动向及其影响，强调稳定价格总水平的宏观调控任务，认真贯彻实施稳健货币政策，提高货币政策的针对性、灵活性和有效性。要综合运用多种货币政策工具，逐步健全宏观审慎政策框架，有效管理流动性，保持合理的社会融资规模和货币总量。要着力优化信贷结构，引导商业银行加大对重点领域和薄弱环节的信贷支持，严格控制对“两高”行业和产能过剩行业贷款。要发挥直接融资的作用，更好地满足多样化投融资需求。进一步完善人民币汇率形成机制，保持人民币汇率在合理均衡水平上的基本稳定。
本次会议由中国人民银行行长兼货币政策委员会主席周小川主持，货币政策委员会委员李勇、胡晓炼、杜金富、马建堂、易纲、刘明康、尚福林、吴定富、姜建清、周其仁、夏斌、李稻葵出席会议，尤权、朱之鑫因公务请假。中国人民银行济南分行、广州分行和重庆营业管理部负责同志列席会议。（完）",http://www.pbc.gov.cn/goutongjiaoliu/113456/113469/2850878/index.html
2010-12-27 17:36:29,"中国人民银行货币政策委员会

                 2010
                 年第四季度例会日前在北京召开。

会议认为，明年世界经济有望继续恢复增长，但不稳定不确定因素仍然较多；我国经济向好势头进一步巩固，金融体系继续平稳运行，但货币信贷和流动性管理及防范金融风险的任务仍然艰巨。
会议强调，2011年要认真实施稳健的货币政策，增强金融调控的针对性、灵活性、有效性，把稳定价格总水平放在更加突出的位置。要按照总体稳健、调节有度、结构优化的要求，综合运用多种货币政策工具，把好流动性这个总闸门，引导货币信贷向常态回归，实现合理适度增长。要把信贷资金更多投向实体经济特别是

                 “
                 三农
”
和中小企业，促进经济结构战略性调整。要健全多层次资本市场体系，提高直接融资比重，保持社会融资总量的合理规模。要进一步完善人民币汇率形成机制，保持人民币汇率在合理均衡水平上的基本稳定。

本次会议由中国人民银行行长兼货币政策委员会主席周小川主持，货币政策委员会委员胡晓炼、易纲、杜金富、刘明康、尚福林、吴定富、姜建清、周其仁、夏斌、李稻葵出席了会议，李勇提供了书面发言，尤权、朱之鑫、马建堂因公务请假。中国人民银行南京分行、武汉分行和中国人民银行营业管理部负责同志列席了会议。（完）",http://www.pbc.gov.cn/goutongjiaoliu/113456/113469/2849537/index.html
2010-09-29 16:53:00,"中国人民银行货币政策委员会2010年第三季度例会日前在北京召开。
会议认为，世界经济正在逐步复苏，但结构性问题和风险仍然比较突出。我国经济运行态势总体良好，继续朝着宏观调控的预期方向发展，但管理通胀预期、保持经济平稳较快发展、调整经济结构和转变经济发展方式的任务依然艰巨。今年以来我国货币信贷合理增长，银行体系流动性基本适度，人民币汇率双向浮动，弹性增强，金融体系继续平稳运行。
会议强调，下一阶段，要按照党中央、国务院的统一部署，继续实施适度宽松的货币政策，保持政策的连续性和稳定性，增强调控的针对性和灵活性。要密切关注国内外经济金融形势的新变化，灵活运用多种货币政策工具，保持货币信贷适度增长；认真落实“有扶有控”的信贷政策，继续调整优化信贷结构；进一步完善人民币汇率形成机制，重在坚持以市场供求为基础，参考一篮子货币进行调节，增强汇率弹性。
本次会议由中国人民银行行长兼货币政策委员会主席周小川主持，货币政策委员会委员胡晓炼、杜金富、刘明康、姜建清、周其仁、夏斌、李稻葵出席了会议，李勇、易纲、尚福林、吴定富提供了书面发言，尤权、朱之鑫、马建堂因公务请假。中国人民银行南京分行、武汉分行和中国人民银行营业管理部负责同志列席了会议。（完）",http://www.pbc.gov.cn/goutongjiaoliu/113456/113469/2848260/index.html
2010-07-08 15:50:02,"中国人民银行货币政策委员会2010年第二季度例会日前在北京召开。
会议认为，世界经济正在逐步复苏，但仍存在较大不确定性。我国经济保持回升向好的态势，消费、投资、出口拉动经济增长的协调性增强，经济正朝着宏观调控预期方向发展，但管理通胀预期、保持经济平稳较快发展、调整经济结构和转变经济发展方式的任务依然艰巨。
会议认为，上半年我国货币信贷合理增长，银行体系流动性基本适度，人民币汇率形成机制改革稳步推进，金融运行总体平稳。
会议强调，下半年，要按照党中央、国务院的统一部署，继续实施适度宽松的货币政策，保持政策的连续性和稳定性，增强调控的针对性和灵活性，把握好政策实施的力度、节奏和重点。要密切关注经济金融形势的发展，灵活运用多种货币政策工具，保持货币信贷适度增长；继续落实“有保有控”的信贷政策，调整优化信贷结构；进一步完善人民币汇率形成机制，坚持以市场供求为基础，参考一篮子货币进行调节；加强系统性风险防范，保持金融体系健康稳定发展。
本次会议由中国人民银行行长兼货币政策委员会主席周小川主持，货币政策委员会委员尤权、朱之鑫、易纲、尚福林、吴定富、周其仁、夏斌、李稻葵出席了会议，李勇、胡晓炼、马建堂、刘明康、蒋超良因公务请假。中国人民银行南京分行、武汉分行和中国人民银行营业管理部负责同志列席了会议。（完）",http://www.pbc.gov.cn/goutongjiaoliu/113456/113469/2846244/index.html
2010-03-31 16:58:49,"中国人民银行货币政策委员会2010年第一季度例会日前在北京召开。
会议分析了当前国内外经济金融形势。会议认为，当前经济金融发展面临的形势极为复杂。全球经济运行中的积极变化逐渐增多，我国经济回升向好的势头进一步巩固，但经济社会发展中仍然存在一些突出矛盾和问题，转变经济发展方式、调整经济结构更加迫切，调控货币信贷总量、优化信贷结构以及防范金融风险的任务依然艰巨。
会议提出，要按照党中央、国务院的统一部署，继续实施适度宽松的货币政策，处理好保持经济平稳较快发展、调整经济结构和管理通胀预期的关系。要把握好货币政策实施的力度、节奏和重点，保持政策的连续性和稳定性，根据新形势新情况着力提高政策的针对性和灵活性，提高金融支持经济发展的可持续性，维护金融体系健康稳定运行。
会议强调，要灵活运用多种货币政策工具，保持银行体系流动性合理充裕，引导货币信贷总量适度增长。要继续完善商业银行内部治理结构，建立科学有效的业绩考核制度和风险管理制度，把短期目标和中长期发展目标有机结合起来，努力做到信贷资金的相对均衡投放，促进全年货币信贷调控目标的实现。
会议强调，要加大金融支持经济发展方式转变和经济结构调整的力度。继续落实“有保有控”的信贷政策，调整优化信贷结构，加大信贷政策对经济社会薄弱环节、就业、战略性新兴产业、产业转移等方面的支持，努力缓解农业和小企业融资难的问题。严格控制对“两高”行业、产能过剩行业以及新开工项目的贷款。大力发展金融市场，积极扩大直接融资。研究建立宏观审慎管理制度，有效防范和化解各类潜在系统性风险。
本次会议由中国人民银行行长兼货币政策委员会主席周小川主持，货币政策委员会委员苏宁、胡晓炼、李勇、易纲、刘明康、尚福林、周其仁、夏斌、李稻葵出席了会议，尤权、朱之鑫、马建堂、吴定富、蒋超良因公务请假。中国人民银行南京分行、武汉分行和中国人民银行营业管理部负责同志列席了会议。（完）",http://www.pbc.gov.cn/goutongjiaoliu/113456/113469/2844548/index.html
2009-12-23 15:30:00,"中国人民银行货币政策委员会2009年第四季度例会日前在北京召开。

会议全面总结了2009年的货币政策。会议认为，在过去的一年中，面对国际金融危机带来的严峻挑战和复杂形势，我国实施适度宽松的货币政策，引导金融机构在控制风险的前提下，加大对经济发展的支持力度，银行体系流动性合理充裕，货币信贷快速增长，金融体系平稳运行。货币政策为落实应对国际金融危机的一揽子计划、快速扭转经济增速下滑态势发挥了重要作用。
会议讨论了当前国内外经济金融形势。会议认为，世界经济正在缓慢复苏，但基础仍不稳固，国际金融危机的影响也依然存在，各国宏观经济政策面临新的挑战。我国经济形势总体向好，但经济回升的内在动力仍然不足，结构性矛盾仍很突出，转变经济发展方式更加迫切。
会议提出，2010年要认真贯彻落实中央经济工作会议精神，处理好保持经济平稳较快发展、调整经济结构和管理通胀预期的关系。继续实施适度宽松的货币政策，保持政策的连续性和稳定性，根据新形势新情况，着力提高政策的针对性和灵活性，把握好政策实施的力度、节奏和重点。把握好货币信贷增长速度，引导金融机构均衡放款，避免过大波动。
会议强调，要加大金融支持经济发展方式转变和经济结构调整的力度。继续落实“有保有控”的信贷政策，调整优化信贷结构，加大信贷政策对经济社会薄弱环节、就业、战略性新兴产业、产业转移等方面的支持，有效缓解农业和小企业融资难的问题。严格控制对“两高”行业、产能过剩行业以及新开工项目的贷款。大力发展金融市场，积极扩大直接融资。要研究建立宏观审慎管理制度，有效防范和化解各类潜在金融风险，保障金融体系安全稳健运行。
本次会议由中国人民银行行长兼货币政策委员会主席周小川主持，货币政策委员会委员尤权、李勇、苏宁、胡晓炼、易纲、刘明康、尚福林、吴定富、樊纲出席了会议，朱之鑫、马建堂、蒋超良因公务请假。人民银行天津分行、沈阳分行和成都分行负责同志列席了会议。（完）",http://www.pbc.gov.cn/goutongjiaoliu/113456/113469/2843597/index.html
